313,-2.292328,4.7114716,8.736191
948,-2.2755737,4.7569275,9.183655
1003,-1.5170441,4.675583,8.671585
1056,-1.3663025,4.651642,7.8556366
1113,-1.1437683,4.8717804,8.690735
1171,-0.93559265,5.24028,8.1427765
1229,-0.34457397,4.5966187,8.575882
1287,-0.85902405,4.7449646,9.614365
1349,-0.5647125,4.8598175,8.190628
1403,-1.311264,4.3956146,9.463608
1462,-0.8446655,4.6707916,8.769699
1523,-0.8111725,4.5702972,8.664413
1581,-0.6699829,4.7042847,8.633301
1635,-0.035888672,5.2259216,8.712265
1714,-0.5814514,4.754532,8.970688
1810,-0.7298126,5.2091827,8.776871
1867,-1.4691925,6.5156555,9.0759735
1925,0.14596558,6.9511566,8.896515
1982,1.557724,5.6973114,7.807785
2041,0.22732544,7.326828,6.025131
2098,0.9690857,7.6331024,9.442078
2157,-0.32063293,7.668991,8.707489
2213,0.550354,7.3531494,5.1852417
2271,1.0217285,8.018356,7.1234283
2330,0.7034912,7.0899353,5.166107
2389,-0.5934143,7.073181,5.1972046
2446,2.6249237,7.458435,4.065399
2503,0.77049255,7.7527466,4.68515
2564,3.5389862,7.824524,5.3072815
2621,1.0073853,8.188232,4.187439
2688,0.7034912,8.312668,4.0797577
2802,0.6771698,8.3437805,4.8047943
2915,-0.49531555,8.700302,4.371689
2967,-0.086135864,8.702698,4.256836
3025,0.69869995,8.879761,3.2518463
3084,-1.2969055,8.673981,3.3140564
3140,0.1531372,9.260223,5.8863373
3201,0.4402771,8.989838,4.2065887
3256,0.3756714,9.116653,4.783249
3313,1.2370911,9.1453705,4.0175476
3375,1.4907227,9.054443,4.199402
3430,0.7130585,9.028122,4.197006
3487,0.653244,9.107086,4.3501587
3555,0.4402771,8.910873,4.3980103
3608,0.727417,9.080765,4.1491547
3661,0.5742798,8.922836,3.9433746
3719,0.91645813,8.863022,4.022339
3785,0.5623169,9.020935,4.450653
3841,0.7513428,8.882156,4.5918274
3894,0.35414124,8.829514,4.656433
3950,0.59820557,8.903687,4.823929
4008,0.7130585,8.518448,4.113266
4067,-0.6125641,8.695511,5.4053802
4123,0.122039795,8.767303,5.022537
4189,-0.1986084,8.547165,4.512863
4241,0.5790558,8.626129,4.8957214
4298,0.43310547,8.743378,4.5750732
4356,0.18185425,8.73381,5.065613
4418,0.4091797,8.729019,4.821533
4471,-0.22732544,8.573486,4.268799
4529,0.31585693,8.831909,5.07518
4592,-0.5670929,8.702698,4.577469
4645,-1.0480499,8.374878,2.7996063
4712,0.8757782,9.451645,7.0157623
4763,0.6388855,8.884552,4.319046
4818,0.6029968,8.791229,4.3358
4876,0.2871399,8.597412,4.7042847
4939,-0.14596558,8.6931305,4.62294
4995,0.0047912598,8.767303,4.713867
5057,-0.18902588,8.829514,5.0153503
5108,0.071777344,9.04248,4.9100647
5166,0.16989136,9.066406,4.3573303
5223,0.447464,9.111862,3.4839478
5281,-0.055038452,9.171692,3.9625092
5340,-0.24885559,9.099899,2.720642
5399,-0.46899414,9.006592,3.1944122
5457,-0.59580994,8.877365,3.1585236
5514,0.052642822,9.126221,3.3643036
5570,-0.1531372,9.037689,3.7519531
5629,0.117248535,9.549759,3.1992035
5697,0.8542328,9.114258,3.9314117
5803,0.80158997,8.975479,4.5726776
5863,0.5742798,8.714661,4.4291077
5920,1.1605225,8.585449,5.2833557
5977,0.8805542,8.8367,4.8765717
6034,0.97387695,8.729019,4.5607147
6097,0.61735535,8.712265,4.5272217
6151,0.48095703,8.6931305,4.823929
6207,0.19621277,8.583054,5.005783
6265,0.21774292,8.803192,4.8430786
6324,0.35414124,9.080765,4.6085815
6381,0.105285645,8.953949,4.3142548
6441,0.31825256,9.140579,3.3930206
6498,0.28234863,9.317657,3.6849518
6556,0.38763428,9.111862,3.1058807
6613,0.12921143,9.571289,2.3641052
6671,0.34217834,9.394226,2.0913239
6730,0.16989136,9.3703,1.7922211
6797,0.32781982,9.4205475,2.7350006
6905,0.22492981,9.413361,2.995819
6961,0.36131287,9.427719,2.7373962
7019,-0.119644165,9.296112,2.732605
7076,0.0143585205,9.379868,3.2303162
7136,0.4139557,9.061615,1.9621124
7199,0.16270447,8.930008,3.7040863
7255,0.6628113,8.98027,5.36232
7307,0.5623169,9.126221,4.4267273
7365,0.38046265,8.956329,4.984253
7423,0.5742798,8.855835,4.5391846
7483,0.42352295,8.810379,4.388443
7546,0.4091797,8.882156,4.2424774
7606,0.17228699,8.8007965,4.2520447
7660,0.19142151,8.896515,3.7854462
7714,0.30867004,8.874985,4.6420746
7771,0.50727844,8.532806,5.515457
7828,0.64845276,8.456238,5.647064
7886,1.3615112,8.106888,5.69014
7947,0.5934143,7.9896393,5.6661987
8002,0.75613403,7.922638,5.9820557
8065,0.624527,8.386841,5.9318085
8122,0.13400269,6.86261,6.376877
8177,0.72024536,7.968094,6.5563354
8236,-0.5886383,7.594818,6.16391
8299,-0.22970581,7.9537354,6.238083
8356,0.14356995,7.8723907,5.3479614
8407,0.009567261,7.9298096,5.3694916
8466,-0.12921143,7.7982025,6.0562286
8524,0.107681274,7.8795624,6.448654
8586,0.21057129,7.8771667,6.496521
8639,0.46420288,8.044662,5.888733
8701,0.3397827,7.944168,5.77388
8758,0.033493042,7.9082794,5.2546387
8814,-0.055038452,7.771881,6.1830597
8870,0.624527,7.9250336,5.65184
8934,1.1940155,8.274384,4.1850433
8989,0.18424988,8.307877,5.848053
9044,0.72024536,8.116455,6.723831
9103,0.057434082,7.939392,5.3814545
9159,0.55274963,8.051849,5.477173
9241,1.3758698,8.252853,6.628113
9333,1.4596252,8.008774,5.6351013
9408,1.1988068,8.111664,5.9030914
9507,1.0791626,8.475372,5.50589
9567,1.3997955,8.496918,4.862213
9626,1.5266266,8.551941,4.7521515
9689,0.062210083,8.104492,5.211563
9798,-0.72262573,8.044662,6.037094
9854,-1.2753754,8.197815,5.6231384
9913,-0.4091797,8.346161,5.0416718
9970,-0.114852905,8.398804,4.8023987
10028,-0.40438843,8.544769,4.902893
10087,0.32063293,8.633301,5.1637115
10144,-0.43788147,8.556732,4.9292145
10203,-0.14356995,8.535202,4.8143616
10259,-0.19621277,8.501694,5.091934
10319,-0.29670715,8.611771,4.9459686
10374,-0.14356995,8.238495,5.2378845
10434,0.30389404,8.370087,5.367096
10493,-0.5048828,8.762512,4.8789673
10552,-0.04307556,8.408386,4.967499
10606,-0.100494385,8.432312,4.977066
10677,-0.33499146,8.382065,5.173279
10781,0.25602722,8.554337,5.21875
10838,-0.06700134,8.547165,4.9818573
10904,0.29910278,8.563919,5.2833557
10956,0.25125122,8.585449,5.099106
11013,-0.17706299,8.451447,5.027313
11070,0.122039795,8.453842,5.1996
11129,-0.14356995,8.477768,5.230713
11189,0.055038452,8.508881,5.201996
11244,-0.107681274,8.451447,5.25943
11303,0.04067993,8.465805,4.8550415
11360,0.023925781,8.453842,5.132599
11419,0.03111267,8.489731,5.11586
11476,-0.047851562,8.398804,5.2378845
11540,-0.0047912598,8.434708,5.063217
11596,0.25125122,8.484955,5.1828613
11650,0.26560974,8.535202,5.1062775
11707,0.15792847,8.451447,5.058426
11764,0.16270447,8.403595,5.13739
11823,0.29670715,8.472992,5.25943
11880,0.059814453,8.441879,5.309677
11941,0.28953552,8.429916,5.065613
11996,0.18902588,8.401199,5.247467
12056,0.24645996,8.386841,5.108673
12112,0.21057129,8.451447,5.3694916
12171,0.34934998,8.432312,5.2139587
12229,0.2536316,8.386841,5.264206
12287,0.35414124,8.362915,5.3886414
12352,0.1986084,8.3485565,5.1421814
12460,0.21057129,8.372482,5.367096
12518,0.17228699,8.398804,5.2785645
12576,0.29670715,8.365311,5.28096
12633,0.2033844,8.394028,5.2905273
12695,-0.117248535,10.791626,4.9579315
12756,-1.483551,5.1541443,6.1878357
12809,0.99780273,9.540192,4.627716
12864,1.0121613,8.544769,4.197006
12923,0.0023956299,8.264816,7.135391
12982,0.49771118,8.525635,4.7808533
13038,0.090927124,8.190628,5.8504486
13096,0.36849976,8.3437805,4.74736
13154,0.095718384,8.248062,5.2881317
13214,0.122039795,8.403595,5.391037
13270,0.2632141,8.3485565,5.474777
13335,0.28234863,8.322235,5.2833557
13387,0.32063293,8.353348,5.1015015
13444,0.39242554,8.444275,5.6685944
13502,0.3637085,8.468201,5.4843445
13561,0.3062744,8.427521,5.4221344
13619,0.04307556,8.27916,4.675583
13675,0.21534729,8.190628,5.1804657
13732,0.18185425,8.353348,4.936386
13796,0.30867004,8.489731,5.2737885
13851,0.42591858,8.451447,5.419739
13907,0.32781982,8.389236,5.4221344
13964,0.33499146,8.185852,5.6063843
14023,0.122039795,8.5950165,4.9340057
14081,0.028717041,8.508881,5.0033875
14137,0.18424988,8.451447,4.9579315
14198,0.6915283,8.446671,4.926819
14254,0.72262573,8.671585,4.864609
14316,0.9834442,8.853439,5.1302185
14369,1.1030884,8.611771,4.62294
14432,0.9882355,8.791229,4.508072
14485,0.6077728,8.334198,4.78804
14543,-0.15792847,8.315063,4.893326
14602,-0.5670929,8.207382,5.6973114
14658,-0.25602722,8.463409,5.4628143
14719,0.41874695,8.365311,5.2211456
14775,-0.47138977,8.154739,5.13739
14832,-0.19381714,8.171494,5.091934
14891,0.0047912598,8.398804,5.469986
14949,0.44984436,8.506485,5.682953
15005,0.6149597,8.3437805,4.484146
15065,0.43310547,8.044662,5.314453
15123,-0.095718384,8.365311,5.704483
15188,-0.033493042,8.389236,6.47258
15297,0.22492981,8.118851,5.781067
15355,-0.64367676,8.008774,5.4317017
15411,-0.825531,7.9202423,6.02034
15469,-0.028717041,8.236099,5.3168488
15527,0.6077728,8.327026,4.977066
15588,0.41635132,8.439484,5.0847473
15642,0.43070984,8.396408,4.8382874
15701,0.16989136,8.200211,5.230713
15764,-0.22732544,8.305481,5.704483
15816,0.119644165,8.374878,5.515457
15888,-0.0023956299,8.2456665,5.522629
15989,0.122039795,8.123627,5.42453
16048,0.16749573,8.161911,5.539383
16105,0.4737854,8.260025,5.4795685
16163,0.9499512,8.293518,5.5202484
16221,0.9786682,8.2456665,5.3407745
16281,0.41874695,8.221741,5.749954
16337,0.550354,8.27916,5.6231384
16399,0.100494385,8.157135,5.54657
16457,0.04067993,8.070984,5.5417786
16511,0.4402771,8.248062,5.580063
16568,0.40678406,8.128418,5.6279144
16628,0.5168457,8.209778,5.4317017
16689,0.6771698,8.200211,5.826523
16746,0.5144501,8.173889,5.403
16801,0.47138977,8.17627,5.4006042
16858,0.3397827,8.114059,5.4269257
16918,0.40438843,8.130814,5.481964
16977,0.43788147,8.331802,5.900696
17031,0.66760254,8.276779,5.8049927
17090,0.279953,8.015961,4.936386
17148,0.1986084,8.0686035,5.44606
17206,0.38285828,8.262421,6.0059814
17263,0.65802,8.298309,5.7427673
17323,0.83987427,8.157135,5.54895
17394,0.8111725,8.212173,5.1302185
17495,0.5024872,8.219345,5.6111755
17554,0.25602722,8.207382,5.3934174
17610,0.29431152,8.130814,5.63031
17669,0.65802,8.202591,5.4843445
17727,0.5886383,8.097305,5.3886414
17786,0.77526855,8.271988,5.517853
17847,0.7680969,8.267197,5.6781616
17906,0.61735535,8.190628,5.749954
17959,0.6795654,8.161911,5.1541443
18019,0.8183441,8.126022,5.46521
18074,0.48812866,8.145172,5.4388885
18131,0.84706116,8.154739,5.819351
18191,0.7848511,8.200211,5.5992126
18250,0.89730835,8.183456,5.412567
18305,0.78723145,8.159531,5.5920258
18368,0.8446655,8.159531,5.58963
18427,0.59820557,8.152344,5.539383
18486,0.727417,8.135605,5.544174
18537,0.7130585,8.149948,5.580063
18596,0.72262573,8.17627,5.5130615
18658,0.8159485,8.207382,5.642273
18711,0.727417,8.209778,5.63031
18769,0.7657013,8.137985,5.3527374
18826,0.5479584,8.185852,5.469986
18884,0.67477417,8.109283,5.7068787
18944,0.8542328,8.126022,5.4436646
19000,0.80158997,8.17627,5.515457
19057,0.825531,8.195419,5.620743
19115,0.7346039,8.1427765,5.6327057
19173,0.9379883,8.149948,5.493927
19231,0.8542328,8.1427765,5.6638184
19289,0.5431671,8.037491,5.3647156
19347,0.5479584,8.037491,5.3120728
19405,0.58384705,8.169098,5.8911285
19464,1.0863342,8.257629,5.6111755
19524,1.0911255,8.226532,5.757126
19582,0.81355286,8.166702,5.493927
19636,0.5168457,8.051849,5.4604187
19695,0.49771118,8.090134,5.539383
19760,0.65802,8.128418,5.5082703
19811,0.8039856,8.123627,5.6279144
19868,0.98583984,8.202591,5.6111755
19932,0.90448,8.123627,5.6111755
19986,0.899704,8.171494,5.601593
20041,0.79681396,8.097305,5.6566315
20100,0.5359955,8.130814,5.642273
20157,0.79681396,8.1427765,5.6231384
20217,0.7992096,8.114059,5.580063
20273,0.9762726,8.173889,5.4388885
20331,0.7034912,8.085342,5.6757812
20391,0.57188416,8.126022,5.6111755
20449,0.72502136,8.188232,5.395813
20505,0.74894714,8.059021,5.637497
20563,0.8159485,8.173889,5.436493
20620,0.7130585,8.1427765,5.6231384
20682,0.6460571,8.114059,5.5345917
20737,0.8111725,8.135605,5.522629
20795,0.8183441,8.123627,5.5752716
20853,0.8614197,8.231308,5.647064
20911,0.64367676,8.145172,5.797806
20968,0.8757782,8.149948,5.580063
21026,0.8685913,8.178665,5.379059
21090,0.7082825,8.090134,5.4915314
21141,0.5312042,8.037491,5.4436646
21200,0.6053772,8.152344,5.618347
21259,0.8877411,8.147568,5.5633087
21315,1.0576324,8.207382,5.5992126
21375,0.88534546,8.1427765,5.5824585
21435,0.6963043,8.166702,5.6398773
21489,0.5862427,8.094925,5.6853485
21549,0.63648987,8.114059,5.4891357
21605,0.73220825,8.135605,5.4843445
21663,0.8374939,8.159531,5.5657043
21726,0.87098694,8.147568,5.4843445
21781,0.9020996,8.1427765,5.6111755
21836,0.67237854,8.063812,5.69014
21894,0.80158997,8.154739,5.5704956
21957,0.95951843,8.202591,5.728424
22009,0.6915283,8.159531,5.419739
22068,0.69392395,8.111664,5.704483
22129,0.55513,8.090134,5.620743
22188,0.6006012,8.137985,5.5130615
22242,0.76091003,8.114059,5.682953
22299,0.6963043,8.133209,5.620743
22358,0.9451599,8.255234,5.596817
22417,0.30867004,8.054245,5.8456726
22477,0.7657013,8.130814,5.371887
22531,0.5168457,8.047058,5.3862457
22589,0.49531555,8.035095,5.601593
22647,0.49531555,8.1427765,5.7786713
22706,0.7130585,8.1427765,5.5681
22766,0.7992096,8.118851,5.481964
22821,0.8661957,8.169098,5.69014
22882,0.5886383,8.130814,5.8049927
22941,0.5431671,8.094925,5.682953
22994,0.5312042,8.061417,5.515457
23055,0.67477417,8.0686035,5.5202484
23110,0.74417114,8.111664,5.7427673
23167,0.76091003,8.130814,5.6638184
23227,0.71066284,8.102097,5.6327057
23283,0.68673706,8.066208,5.687744
23341,0.5096741,8.063812,5.5657043
23401,0.5814514,8.0686035,5.67099
23457,0.64845276,8.106888,5.6614227
23515,0.77526855,8.135605,5.6733856
23574,0.68196106,8.078171,5.5872345
23633,0.61016846,8.109283,5.5752716
23695,0.66760254,8.056641,5.7188416
23751,0.77526855,8.056641,5.659027
23804,0.62213135,8.099701,5.58963
23863,0.6029968,8.080566,5.5872345
23920,0.6699829,8.109283,5.761917
23979,0.72502136,8.102097,5.5704956
24035,0.7728882,8.099701,5.642273
24094,0.6269226,8.015961,5.7690887
24152,0.64367676,8.0733795,5.6685944
24214,0.63409424,8.061417,5.721237
24267,0.7393799,8.070984,5.5633087
24326,0.64367676,8.097305,5.7427673
24383,0.6699829,8.082962,5.6159515
24444,0.69392395,8.094925,5.6446686
24500,0.6628113,8.078171,5.620743
24556,0.7082825,8.054245,5.687744
24614,0.68434143,8.078171,5.4508514
24682,0.63648987,8.126022,5.9413757
24733,0.727417,8.070984,5.6398773
24792,0.5742798,8.0686035,5.556137
24848,0.7010956,8.059021,5.6063843
24905,0.7992096,8.104492,5.67099
24962,0.8614197,8.159531,5.8384857
25020,0.8901367,8.173889,5.682953
25082,0.5264282,8.011169,5.48674
25135,0.550354,8.070984,5.8097687
25193,0.61735535,8.159531,5.5322113
25255,0.9523468,8.145172,5.52742
25323,0.65802,8.0327,5.3168488
25426,0.51924133,8.171494,5.967697
25485,0.67237854,8.147568,5.642273
25541,0.825531,8.042282,5.276169
25599,0.67237854,8.118851,5.458023
25657,0.7082825,8.135605,5.8743744
25720,0.7154541,8.185852,5.63031
25773,0.7800598,8.123627,5.5537415
25831,0.6795654,8.121246,5.7188416
25889,0.69392395,8.1427765,5.6757812
25946,0.5814514,8.118851,5.781067
26003,0.55992126,8.094925,5.371887
26061,0.71784973,8.111664,5.6757812
26120,0.62213135,8.087738,5.412567
26181,0.7537384,8.157135,5.75235
26236,0.7417755,8.114059,5.551346
26293,0.87338257,8.159531,5.5082703
26354,0.65563965,8.164307,5.515457
26410,0.5647125,8.126022,5.819351
26471,0.7130585,8.106888,5.5417786
26527,0.7776642,8.159531,5.5369873
26584,0.9308014,8.226532,5.8408813
26640,0.55752563,7.975281,5.1541443
26700,0.61016846,8.102097,5.5944214
26765,0.37088013,8.114059,5.819351
26818,0.8231354,8.154739,5.54895
26872,0.87815857,8.173889,5.453247
26935,1.0049896,8.233704,5.728424
26989,0.5312042,8.011169,5.6327057
27050,0.28953552,8.003998,5.379059
27103,0.64845276,8.133209,5.967697
27161,0.9499512,8.341385,5.6757812
27219,1.1700897,8.281555,5.3312073
27278,0.74417114,8.118851,5.314453
27337,0.38285828,8.17627,5.52742
27395,0.37327576,8.193024,5.785843
27455,0.727417,8.193024,5.3575287
27514,0.72024536,8.166702,5.161316
27574,0.5312042,8.116455,5.3886414
27626,0.4355011,8.169098,5.5992126
27686,0.9308014,8.315063,5.8504486
27749,0.933197,8.207382,5.103897
27857,0.29193115,8.118851,5.247467
27914,0.43070984,8.121246,6.0346985
27971,0.8566284,8.315063,5.6111755
28030,1.0456696,8.224136,5.89592
28095,1.0432739,8.190628,5.314453
28148,0.7010956,8.0733795,5.2857513
28205,0.4091797,8.059021,5.3168488
28262,0.21534729,8.035095,5.8384857
28322,0.7728882,8.269592,5.927017
28377,0.9451599,8.193024,5.8289185
28435,1.2418823,8.178665,5.235489
28494,0.9906311,8.061417,5.271393
28554,0.5120697,8.147568,5.5417786
28614,0.46899414,8.147568,5.996414
28669,0.7346039,8.183456,5.560913
28725,0.8374939,8.109283,5.3694916
28783,0.75613403,8.078171,5.5130615
28840,0.42352295,8.056641,5.4006042
28899,0.55992126,8.080566,5.560913
28957,1.0097656,8.228912,5.6757812
29015,1.2227325,8.3437805,5.9724884
29093,0.6795654,8.118851,5.5681
29188,0.36610413,7.932205,5.64946
29246,0.7896271,8.171494,5.4269257
29308,0.47138977,8.085342,5.8863373
29365,0.6915283,8.145172,5.618347
29420,0.77049255,8.137985,6.3314056
29481,0.80158997,8.047058,5.7834473
29538,0.8518524,7.9992065,5.235489
29592,0.01914978,8.240875,4.7856445
29652,0.3756714,7.980057,5.252243
29714,0.49531555,8.018356,4.7641144
29766,0.26081848,8.126022,6.1256256
29824,0.71784973,8.441879,5.7332
29882,0.9690857,8.255234,6.4582214
29940,1.1844482,8.3437805,5.3599243
30000,1.0600128,8.190628,5.79541
30057,0.69392395,8.082962,5.48674
30118,0.653244,7.9537354,5.7332
30173,0.87098694,8.169098,6.0514526
30232,0.7776642,8.429916,4.9794617
30288,0.34457397,8.264816,5.1541443
30347,0.8661957,8.336594,5.5920258
30403,0.83270264,8.458633,4.2807617
30462,0.12921143,8.018356,5.108673
30522,0.20817566,8.331802,4.9698944
30579,0.4737854,8.360519,6.025131
30635,1.2370911,8.487335,5.070389
30694,1.4069824,8.437088,5.48674
30755,1.0241241,8.236099,4.9411774
30811,0.4402771,8.288742,5.1230316
30866,0.22492981,8.238495,5.687744
30924,0.83270264,8.293518,5.642273
30984,0.98106384,8.3198395,5.350357
31042,0.7657013,8.169098,5.0345
31099,0.74894714,8.291138,5.824127
31159,0.8949127,8.389236,5.5322113
31220,0.9020996,8.283951,5.3407745
31272,0.5431671,8.183456,5.3312073
31332,0.8805542,8.233704,5.166107
31388,0.72262573,8.17627,4.996216
31446,0.64367676,8.353348,5.6351013
31503,0.45224,8.291138,5.75235
31562,0.7417755,8.405991,5.5585327
31619,1.2155609,8.3437805,5.4556427
31678,0.8805542,8.133209,4.8478546
31736,0.26081848,8.228912,5.3575287
31794,0.61016846,8.250458,5.0847473
31851,0.7537384,8.494522,6.1208344
31912,0.5479584,8.118851,5.0823517
31966,0.80877686,8.300705,5.2043915
32024,0.8901367,8.437088,5.2139587
32087,0.37088013,7.9704895,4.8263245
32141,0.5790558,8.2456665,5.017746
32201,0.8661957,8.532806,6.0562286
32256,1.2993011,8.384445,5.42453
32315,0.727417,8.322235,5.058426
32371,0.48335266,8.382065,5.9078827
32429,0.8374939,8.374878,5.6733856
32489,0.57188416,8.111664,4.984253
32546,0.1986084,8.018356,4.462616
32603,1.208374,8.499313,5.577667
32661,0.87098694,8.338989,5.367096
32719,0.35653687,8.338989,5.637497
32776,0.91645813,8.358124,5.350357
32835,0.6460571,8.250458,5.027313
32893,0.72262573,8.212173,5.1302185
32952,0.6652069,8.267197,5.2211456
33011,0.5264282,8.372482,5.4843445
33066,0.6915283,8.291138,5.414963
33124,0.83270264,8.295914,5.001007
33190,0.63409424,8.283951,5.843277
33241,1.0504456,8.472992,5.4676056
33297,0.77526855,8.346161,5.5298157
33355,0.77049255,8.315063,5.132599
33414,0.8111725,8.386841,5.687744
33471,0.50727844,8.350952,5.127823
33529,0.68196106,8.140381,5.0895386
33590,0.61735535,8.291138,4.749756
33645,1.0671997,8.427521,5.417343
33703,0.48095703,8.394028,5.4317017
33761,0.17228699,8.200211,4.9698944
33819,0.62213135,8.420349,5.577667
33876,0.83509827,8.391632,5.108673
33942,0.9308014,8.327026,5.09671
33997,0.7417755,8.439484,5.268997
34050,0.77049255,8.496918,5.728424
34110,0.64367676,8.3198395,5.1134644
34165,0.9523468,8.281555,4.771286
34229,0.22013855,8.231308,5.2139587
34286,0.48335266,8.427521,5.166107
34344,0.71784973,8.446671,6.0059814
34399,0.825531,8.401199,5.0321045
34456,1.1318054,8.379669,4.9483643
34514,0.8422699,8.255234,4.7353973
34571,0.65563965,8.501694,5.5369873
34629,0.15792847,8.269592,5.3694916
34694,0.4737854,8.3485565,5.2331085
34747,0.6915283,8.4179535,5.4676056
34802,1.3136597,8.475372,4.8095703
34860,0.95474243,8.262421,4.965103
34924,0.5790558,8.193024,4.9866486
34986,0.33259583,8.511276,6.025131
35092,1.1605225,8.353348,4.977066
35151,1.2203369,8.305481,4.651642
35208,1.1102753,8.391632,5.25943
35268,0.2536316,8.233704,5.297714
35329,0.33499146,8.410767,5.6063843
35382,0.87815857,8.403595,5.4676056
35442,1.1844482,8.386841,4.898102
35500,1.0193481,8.307877,4.9004974
35556,0.7130585,8.379669,5.211563
35618,0.5024872,8.3437805,5.5585327
35670,0.74417114,8.370087,5.173279
35729,0.8638153,8.329422,4.9100647
35790,0.87338257,8.377274,5.268997
35844,0.9571228,8.475372,5.230713
35902,0.6006012,8.367706,5.252243
35962,0.624527,8.336594,5.2498474
36021,0.79441833,8.408386,5.0201416
36079,1.0695953,8.401199,5.0368958
36135,0.6891327,8.413162,5.07518
36193,0.55274963,8.415558,5.1254272
36250,0.5814514,8.374878,5.1924286
36308,0.7920227,8.429916,5.46521
36369,0.727417,8.355743,5.065613
36423,0.653244,8.468201,5.1996
36485,0.830307,8.477768,5.4388885
36539,0.9762726,8.405991,4.93161
36598,0.80158997,8.334198,4.9076843
36655,0.899704,8.444275,5.247467
36714,0.4402771,8.185852,4.965103
36770,0.23928833,8.472992,5.7308044
36830,0.6771698,8.542374,5.6039886
36887,1.1652985,8.377274,4.790436
36946,1.1629181,8.358124,4.7066803
37002,0.5862427,8.420349,5.2857513
37060,0.61016846,8.523239,5.52742
37120,0.22970581,8.173889,5.0153503
37176,0.59580994,8.429916,5.268997
37234,0.75852966,8.367706,5.1541443
37291,0.9451599,8.4227295,4.97229
37352,0.9308014,8.4227295,5.099106
37409,0.7465668,8.4179535,5.0608215
37466,0.26560974,8.145172,5.3599243
37523,-0.04307556,8.355743,5.4293213
37582,0.46180725,8.362915,5.785843
37646,0.6652069,8.532806,5.584854
37700,0.8566284,8.262421,4.902893
37755,1.1126556,8.353348,4.7449646
37813,0.8638153,8.429916,5.379059
37873,0.66760254,8.432312,5.1302185
37928,0.51924133,8.374878,5.403
37986,0.45463562,8.327026,5.0345
38045,0.37088013,8.281555,5.0608215
38104,0.61016846,8.398804,5.2331085
38162,0.6029968,8.322235,5.127823
38221,0.7465668,8.425125,5.458023
38278,0.68196106,8.463409,5.0847473
38337,0.37806702,8.327026,5.54895
38392,0.8877411,8.494522,5.36232
38454,0.93559265,8.271988,4.9698944
38514,0.6149597,8.322235,4.7808533
38565,0.28234863,8.456238,5.5034943
38626,0.33738708,8.317459,5.417343
38680,0.8039856,8.372482,5.065613
38740,0.5240326,8.214554,5.2498474
38797,0.71066284,8.3485565,5.1517487
38856,0.61016846,8.437088,5.5298157
38912,0.6269226,8.367706,5.350357
38971,0.6077728,8.3485565,5.32164
39028,0.6412811,8.303101,5.2331085
39091,0.7082825,8.303101,5.0608215
39145,0.6508484,8.3437805,5.326416
39202,0.5790558,8.403595,5.481964
39263,0.6915283,8.384445,5.2666016
39324,0.7537384,8.322235,5.1517487
39378,0.5766754,8.327026,5.1110687
39433,0.6316986,8.389236,5.3527374
39493,0.64367676,8.3485565,5.3120728
39550,0.79681396,8.408386,5.149353
39613,0.6077728,8.324631,5.34317
39665,0.6316986,8.327026,5.2953186
39724,0.68434143,8.391632,5.2139587
39789,0.74417114,8.389236,5.2283173
39845,0.7154541,8.327026,5.247467
39898,0.6628113,8.355743,5.24028
39956,0.6628113,8.329422,5.1924286
40013,0.5766754,8.353348,5.1876373
40077,0.6795654,8.365311,5.194824
40128,0.72262573,8.386841,5.3072815
40185,0.63648987,8.437088,5.4317017
40250,0.72262573,8.389236,5.326416
40302,0.7417755,8.274384,5.166107
40359,0.5886383,8.322235,5.0895386
40416,0.5862427,8.370087,5.1852417
40480,0.7992096,8.389236,5.3312073
40535,0.76330566,8.401199,5.2570343
40592,0.6628113,8.384445,5.264206
40651,0.66041565,8.315063,5.247467
40706,0.7082825,8.346161,5.2211456
40764,0.65802,8.310272,5.173279
40826,0.7417755,8.374878,5.30249
40880,0.72024536,8.353348,5.3288116
40941,0.7513428,8.329422,5.24028
40996,0.68434143,8.338989,5.1876373
41055,0.6795654,8.358124,5.304886
41114,0.825531,8.370087,5.3288116
41169,0.68196106,8.310272,5.24028
41229,0.79681396,8.360519,5.149353
41300,0.5934143,8.327026,5.21875
41353,0.6771698,8.360519,5.292923
41404,0.6699829,8.262421,5.1110687
41459,0.74417114,8.298309,5.1469574
41523,0.77049255,8.3437805,5.379059
41577,0.6077728,8.329422,5.25943
41634,0.7848511,8.382065,5.17807
41692,0.7896271,8.336594,5.211563
41749,0.68196106,8.293518,5.36232
41807,0.6771698,8.334198,5.6446686
41864,1.7395782,8.305481,4.742569
41922,0.6006012,8.183456,5.149353
41981,0.5647125,8.226532,5.3982086
42039,0.45224,8.3485565,5.71167
42097,0.6628113,8.216949,5.5202484
42155,1.1652985,8.3437805,5.4340973
42216,0.7992096,8.200211,5.34317
42269,0.7680969,8.209778,5.3934174
42330,0.7896271,8.207382,5.5704956
42386,0.9499512,8.236099,5.4891357
42444,0.7776642,8.164307,5.36232
42501,0.8638153,8.173889,5.448456
42559,0.90448,8.243271,5.448456
42622,0.80158997,8.197815,5.3575287
42674,0.8661957,8.152344,5.403
42733,0.9068756,8.169098,5.4891357
42790,0.9020996,8.293518,5.46521
42850,0.82073975,8.173889,5.6566315
42908,0.9954071,8.195419,5.333603
42964,0.9308014,8.135605,5.58963
43023,0.8231354,8.224136,5.345566
43085,0.933197,8.169098,5.5920258
43141,1.1916199,8.300705,5.544174
43196,0.69392395,8.164307,5.3240356
43259,1.002594,8.250458,5.458023
43311,0.73220825,7.7647095,5.7882385
43370,2.005188,7.075577,7.0540466
43427,-1.5505524,8.338989,5.996414
43489,-1.4620209,7.520645,5.1924286
43545,-0.20578003,8.243271,4.8837585
43603,-0.3756714,8.3198395,5.596817
43659,-0.79441833,8.401199,5.414963
43716,-0.22732544,8.5208435,4.924423
43776,-0.48812866,8.513657,4.5631104
43838,-0.27757263,8.434708,4.965103
43891,-0.21057129,8.508881,5.132599
43952,-0.2033844,8.609375,5.0560303
44007,-0.093322754,8.508881,5.058426
44064,-0.22492981,8.501694,5.0488586
44124,-0.18902588,8.523239,5.194824
44180,-0.23928833,8.504089,5.1254272
44239,-0.04307556,8.575882,5.0608215
44296,-0.055038452,8.547165,4.857437
44355,-0.19142151,8.549561,4.8478546
44412,0.119644165,8.585449,4.93161
44472,-0.1483612,8.525635,4.9986115
44527,-0.04547119,8.611771,5.371887
44585,-0.0023956299,8.621338,4.656433
44646,0.19621277,8.568695,4.862213
44701,0.22013855,8.731415,4.6636047
44759,0.34934998,8.8007965,4.5009003
44816,0.102890015,8.685944,4.4650116
44879,0.117248535,8.6931305,4.4769745
44933,0.20100403,8.640488,5.0081787
44992,0.275177,8.740982,4.9052887
45048,0.34217834,8.745773,4.668396
45112,0.2679901,8.647659,4.8430786
45164,0.22732544,8.717056,4.467407
45224,0.28234863,8.695511,5.0153503
45284,0.29193115,8.7960205,5.3694916
45347,0.08135986,8.874985,4.874176
45398,0.107681274,8.846268,3.9481506
45454,0.04307556,8.803192,3.562912
45512,0.098098755,8.872589,3.7423706
45570,-0.033493042,8.965912,4.3860474
45628,0.07417297,9.004196,4.3214417
45687,0.117248535,8.927628,4.5966187
45744,0.0023956299,8.891724,4.2807617
45800,0.062210083,8.930008,4.290329
45858,0.17468262,8.913269,4.2352905
45920,0.27757263,8.913269,4.244873
45975,0.100494385,8.918045,4.2711945
46034,0.07896423,8.910873,4.240082
46092,0.21057129,8.865402,4.412369
46152,0.17228699,8.93959,4.37648
46209,0.31825256,8.896515,4.4147644
46264,0.18664551,8.894119,4.4243317
46321,0.03111267,8.860626,4.2640076
46380,0.13877869,8.894119,4.187439
46442,0.086135864,8.872589,4.4602203
46495,0.22970581,8.920441,4.204193
46553,0.06700134,8.922836,4.388443
46611,0.21774292,8.915665,4.4482574
46668,0.1986084,8.930008,4.2592316
46730,0.22492981,8.851059,4.3381805
46786,-0.098098755,8.829514,4.5583344
46845,-0.15792847,8.769699,4.5056915
46900,-0.052642822,8.7960205,4.496109
46959,-0.1603241,8.760132,4.4937286
47017,0.057434082,8.886948,4.4602203
47088,-0.04307556,8.817551,4.524826
47189,-0.16749573,8.810379,4.515259
47248,0.0382843,8.803192,4.371689
47306,-0.105285645,8.822342,4.54158
47365,0.124420166,8.8989105,4.520035
47421,-0.04307556,8.834305,4.4889374
47484,-0.062210083,8.819946,4.412369
47541,-0.122039795,8.829514,4.5966187
47595,-0.088531494,8.841476,4.5918274
47657,-0.1603241,8.851059,4.2951202
47712,0.08375549,8.805588,4.5176544
47773,-0.088531494,8.848663,4.496109
47832,-0.095718384,8.829514,4.5726776
47885,0.13877869,8.819946,4.4362946
47943,-0.009567261,8.822342,4.515259
48004,-0.007171631,8.891724,4.5631104
48059,-0.07896423,8.779266,4.4937286
48121,0.04307556,8.791229,4.340576
48174,-0.04307556,8.776871,4.491333
48233,0.088531494,8.860626,4.6707916
48290,0.03111267,8.7960205,4.4362946
48347,0.07896423,8.791229,4.5391846
48410,-0.0023956299,8.839081,4.5679016
48464,-0.01675415,8.822342,4.5104675
48521,-0.03111267,8.774475,4.5511475
48580,0.095718384,8.803192,4.3238373
48639,-0.01675415,8.8701935,4.5750732
48696,0.0023956299,8.810379,4.5176544
48755,0.04547119,8.781662,4.5679016
48810,0.009567261,8.815155,4.491333
48869,0.052642822,8.793625,4.5918274
48926,0.088531494,8.781662,4.4697876
48985,0.028717041,8.841476,4.5176544
49045,-0.090927124,8.827118,4.409973
49101,-0.052642822,8.819946,4.546356
49163,0.01914978,8.846268,4.3573303
49217,0.033493042,8.819946,4.618149
49278,-0.04547119,8.827118,4.524826
49337,-0.0382843,8.798416,4.5009003
49389,-0.0023956299,8.831909,4.512863
49448,-0.009567261,8.788834,4.47937
49507,0.026321411,8.817551,4.6085815
49563,0.028717041,8.788834,4.4650116
49621,-0.023925781,8.793625,4.553543
49680,-0.0143585205,8.853439,4.6037903
49743,-0.035888672,8.815155,4.4889374
49795,-0.071777344,8.764908,4.515259
49855,0.0143585205,8.803192,4.4889374
49912,-0.08375549,8.760132,4.546356
49969,0.047851562,8.865402,4.5679016
50028,0.055038452,8.772095,4.4937286
50086,0.0143585205,8.8007965,4.503296
50145,-0.007171631,8.788834,4.6037903
50199,-0.028717041,8.807983,4.508072
50257,0.062210083,8.810379,4.491333
50339,0.026321411,8.841476,4.4482574
50431,-0.04547119,8.772095,4.5798645
50489,0.0047912598,8.8007965,4.54158
50546,-0.01914978,8.817551,4.5343933
50604,0.055038452,8.788834,4.462616
50663,0.0047912598,8.781662,4.6372833
50722,0.0765686,8.846268,4.393219
50781,-0.088531494,8.695511,4.64447
50836,0.18185425,8.918045,4.5391846
50894,0.093322754,8.815155,4.371689
50954,-0.059814453,8.779266,4.5966187
51011,-0.062210083,8.788834,4.618149
51068,0.102890015,8.786438,4.6037903
51127,0.17468262,8.863022,4.4243317
51185,0.06700134,8.791229,4.6660004
51247,-0.023925781,8.750549,4.4147644
51299,-0.0382843,8.721832,4.524826
51358,0.35891724,8.908478,4.6540375
51421,0.026321411,8.874985,3.9194489
51482,0.18424988,8.561523,5.0105743
51535,-0.5623169,8.798416,4.9459686
51590,-0.61735535,8.906082,4.689926
51647,-0.14117432,8.458633,5.2857513
51705,-0.17468262,8.784058,3.7160492
51763,-0.055038452,8.645264,5.046463
51830,0.007171631,8.695511,4.8550415
51887,-0.19381714,8.764908,5.1302185
51939,-0.18664551,8.604584,4.898102
51994,0.04307556,8.566299,4.7282104
52053,-0.29193115,8.635696,4.228119
52111,-0.19381714,8.671585,4.9483643
52168,0.04307556,8.760132,4.7282104
52226,-0.04067993,8.705093,4.6779633
52284,-0.26560974,8.678772,4.6205444
52344,-0.1651001,8.721832,4.78804
52402,-0.16989136,8.688339,4.926819
52457,-0.023925781,8.750549,4.5176544
52518,-0.110076904,8.714661,4.6253204
52573,-0.06939697,8.719452,4.6827545
52634,-0.124420166,8.707489,4.7641144
52691,-0.119644165,8.695511,4.709076
52754,-0.1651001,8.721832,4.5702972
52805,-0.114852905,8.784058,4.862213
52863,0.0047912598,8.752945,4.737793
52921,-0.25842285,8.650055,4.6827545
52980,-0.07896423,8.678772,4.651642
53039,-0.04547119,8.714661,4.697113
53094,-0.059814453,8.740982,4.8382874
53152,-0.17468262,8.712265,4.5679016
53213,0.007171631,8.712265,4.6492615
53268,-0.1531372,8.683548,4.8550415
53326,-0.18424988,8.724228,4.721039
53383,-0.17706299,8.690735,4.6731873
53443,0.021530151,8.695511,4.6372833
53499,-0.08135986,8.760132,4.5726776
53557,-0.0047912598,8.669189,4.618149
53615,-0.0382843,8.666809,4.922043
53674,-0.100494385,8.774475,4.74736
53740,-0.19381714,8.690735,4.76651
53848,0.035888672,8.707489,4.6779633
53904,-0.03111267,8.642868,4.9076843
53962,-0.0765686,8.788834,4.4817505
54020,-0.0382843,8.657227,4.8885345
54080,-0.028717041,8.824738,4.3214417
54136,-0.22492981,8.764908,4.536789
54193,-0.023925781,8.740982,4.634903
54251,-0.088531494,8.73381,4.503296
54310,-0.13877869,8.767303,4.6013947
54367,-0.04547119,8.788834,4.5176544
54425,-0.08135986,8.824738,4.445862
54485,-0.124420166,8.829514,4.6133575
54545,-0.04547119,8.779266,4.496109
54600,-0.122039795,8.791229,4.5296173
54657,-0.07896423,8.805588,4.503296
54719,-0.04067993,8.784058,4.7617188
54772,-0.011962891,8.827118,4.388443
54830,0.023925781,8.786438,4.76651
54889,-0.19142151,8.798416,4.37648
54946,-0.2368927,8.757736,4.421936
55008,-0.033493042,8.774475,4.618149
55063,-0.03111267,8.8007965,4.4817505
55123,-0.124420166,8.848663,4.553543
55179,-0.19381714,8.762512,4.62294
55239,-0.098098755,8.757736,4.5296173
55293,-0.100494385,8.779266,4.388443
55352,-0.0047912598,8.841476,4.62294
55412,-0.0047912598,8.772095,4.6827545
55475,-0.07417297,8.784058,4.474579
55527,-0.16989136,8.731415,4.4697876
55583,-0.035888672,8.757736,4.627716
55643,0.033493042,8.839081,4.467407
55699,-0.035888672,8.791229,4.618149
55761,-0.03111267,8.793625,4.3549347
55818,-0.22970581,8.721832,4.5702972
55881,-0.06460571,8.803192,4.639679
55988,-0.1268158,8.781662,4.4362946
56049,-0.04307556,8.824738,4.6301117
56106,-0.04547119,8.769699,4.7019043
56162,-0.028717041,8.786438,4.4937286
56225,0.0047912598,8.748154,4.496109
56282,0.007171631,8.824738,4.5966187
56340,-0.04067993,8.750549,4.5798645
56395,0.0,8.714661,4.5607147
56455,-0.102890015,8.779266,4.62294
56509,-0.13160706,8.812759,4.584656
56568,0.021530151,8.798416,4.587036
56626,-0.07417297,8.745773,4.668396
56689,-0.124420166,8.757736,4.5296173
56752,0.01675415,8.779266,4.606186
56857,0.009567261,8.705093,4.4985046
56922,-0.08375549,8.781662,4.417145
56975,-0.01914978,8.779266,4.819153
57036,0.0382843,8.73381,4.5391846
57089,0.095718384,8.774475,4.587036
57146,0.08135986,8.755341,4.5798645
57204,-0.011962891,8.817551,4.512863
57265,-0.122039795,8.791229,4.5918274
57320,0.17468262,8.748154,4.598999
57378,-0.0765686,8.760132,4.462616
57438,0.035888672,8.7960205,4.6827545
57494,0.04067993,8.757736,4.6013947
57554,-0.035888672,8.784058,4.512863
57611,-0.03111267,8.786438,4.6133575
57676,0.0382843,8.807983,4.584656
57728,0.026321411,8.729019,4.6372833
57785,0.110076904,8.793625,4.371689
57841,0.0023956299,8.767303,4.6731873
57899,-0.052642822,8.791229,4.467407
57957,-0.08375549,8.774475,4.577469
58017,-0.071777344,8.757736,4.4817505
58078,0.035888672,8.772095,4.417145
58131,0.062210083,8.807983,4.5918274
58189,0.01675415,8.791229,4.7449646
58248,-0.088531494,8.788834,4.4889374
58304,-0.021530151,8.788834,4.5702972
58362,0.04307556,8.803192,4.5009003
58421,0.03111267,8.769699,4.8023987
58482,0.08135986,8.743378,4.54158
58539,0.033493042,8.815155,4.3334045
58595,-0.03111267,8.788834,4.6947174
58651,0.059814453,8.772095,4.553543
58709,0.098098755,8.750549,4.543976
58774,0.01675415,8.791229,4.6707916
58826,-0.04547119,8.791229,4.548752
58887,0.071777344,8.779266,4.594223
58942,0.117248535,8.738586,4.58226
58999,0.0,8.788834,4.4650116
59058,0.026321411,8.793625,4.6779633
59113,0.0765686,8.786438,4.4889374
59173,0.1531372,8.884552,4.7521515
59235,0.22013855,8.877365,4.6253204
59288,-0.2033844,8.6931305,4.546356
59347,-0.16749573,8.752945,4.5607147
59411,0.0,8.930008,4.6588287
59464,-0.06700134,8.650055,4.163513
59523,-0.35891724,8.551941,4.194626
59580,0.22013855,8.865402,4.5679016
59641,0.624527,9.262619,4.6612244
59693,0.4905243,9.004196,4.7521515
59752,-0.18902588,8.707489,4.2831573
59809,-0.4785614,8.700302,4.496109
59867,-0.40678406,8.571091,4.2544403
59928,-0.15792847,8.657227,4.1443634
59983,-0.052642822,8.894119,4.565506
60042,0.40678406,8.944366,4.610962
60101,0.31825256,9.016159,4.9004974
60156,0.026321411,8.846268,4.618149
60214,0.62931824,9.119049,4.9483643
60275,-0.44984436,8.494522,3.6083832
60329,-0.32063293,8.386841,4.450653
60388,-0.25842285,8.750549,4.2759705
60445,0.105285645,8.841476,4.4195404
60507,0.35653687,9.0711975,4.936386
60563,0.4091797,9.095123,4.6205444
60620,0.44506836,8.769699,4.0390778
60680,-0.0143585205,8.6931305,4.228119
60735,-0.105285645,8.657227,4.412369
60792,0.28234863,9.08316,4.9507446
60850,0.12921143,8.987442,4.811966
60914,0.4019928,8.843872,4.141983
60971,0.14596558,8.6979065,3.9218292
61027,-0.37806702,8.810379,4.58226
61090,0.052642822,8.805588,4.6301117
61142,0.29431152,8.963516,4.5391846
61199,0.08135986,8.745773,3.9912262
61259,0.20817566,8.863022,4.244873
61314,-0.0023956299,8.920441,4.697113
61375,0.007171631,8.817551,4.3453674
61430,0.14596558,8.874985,4.5391846
61492,0.105285645,8.8701935,4.0869446
61548,0.18424988,8.901306,4.7162476
61606,0.14356995,8.860626,4.19223
61662,-0.06700134,8.748154,4.266403
61719,0.3517456,8.640488,4.417145
61782,0.04067993,8.937195,4.749756
61837,0.29431152,8.987442,4.5343933
61892,0.5288086,9.035294,4.4482574
61950,0.13877869,8.8367,4.5224304
62009,0.18185425,8.8007965,4.1683044
62070,-0.07896423,8.602203,4.1826477
62126,-0.009567261,8.874985,4.364502
62186,0.1986084,9.006592,4.7521515
62251,0.32302856,8.965912,4.3836517
62358,-0.023925781,8.772095,4.47937
62414,0.114852905,8.910873,4.1778717
62479,-0.20817566,8.73381,4.6037903
62530,0.06700134,8.767303,4.455429
62587,-0.08375549,8.913269,4.618149
62649,0.15553284,8.884552,4.462616
62703,0.22253418,8.863022,4.8071747
62767,0.119644165,8.858231,4.417145
62819,0.122039795,8.755341,4.6037903
62882,-0.13400269,8.731415,4.220932
62941,0.01914978,8.671585,4.737793
62993,0.04067993,8.705093,4.3166504
63052,-0.03111267,8.834305,4.2951202
63109,0.39482117,8.822342,4.6085815
63167,0.37806702,8.709869,4.4267273
63228,0.20578003,8.6979065,4.565506
63289,-0.033493042,8.662018,4.5702972
63340,0.4139557,8.688339,4.6325073
63398,1.0863342,8.700302,4.914856
63455,1.1246338,8.760132,4.76651
63515,0.94277954,8.743378,4.9076843
63572,0.79681396,8.760132,4.6947174
63631,0.8183441,8.676376,4.845459
63688,0.8542328,8.652451,4.5559387
63748,1.3734741,8.767303,5.0368958
63803,1.5601196,8.642868,4.989029
63862,0.9954071,8.532806,4.1683044
63920,0.74417114,8.463409,4.754532
63977,0.77526855,8.602203,4.687546
64037,0.79441833,8.547165,4.821533
64094,1.1270142,8.5950165,4.8143616
64151,1.076767,8.614166,4.5966187
64208,1.1150513,8.645264,4.924423
64266,1.0504456,8.669189,4.9411774
64324,1.0145569,8.544769,4.924423
64383,1.1557312,8.516052,4.6779633
64440,0.8183441,8.444275,4.675583
64497,1.1126556,8.573486,4.74736
64556,0.9571228,8.599808,5.252243
64614,1.2203369,8.6979065,5.0321045
64677,1.1006927,8.647659,5.1876373
64741,0.78723145,8.496918,4.4865417
64845,0.7346039,8.688339,4.462616
64904,0.87338257,8.5902405,4.713867
64963,1.0193481,8.731415,4.7353973
65021,0.94755554,8.73381,4.6947174
65079,0.8877411,8.563919,4.543976
65144,0.77049255,8.537598,4.886139
65253,0.9188385,8.666809,4.78804
65309,1.0384827,8.645264,4.78804
65366,1.1964111,8.657227,4.687546
65424,0.83509827,8.525635,4.8789673
65493,0.928421,8.638092,4.8789673
65603,0.928421,8.537598,4.5702972
65656,0.87338257,8.530411,4.8837585
65713,0.75852966,8.525635,4.8789673
65776,1.0097656,8.633301,4.76651
65829,1.0121613,8.578262,4.754532
65887,1.0193481,8.551941,4.9004974
65945,1.0073853,8.611771,5.022537
66008,0.95951843,8.587845,5.0081787
66065,0.9451599,8.580658,4.651642
66121,1.0504456,8.501694,4.606186
66177,0.94277954,8.504089,4.886139
66243,0.78723145,8.583054,5.027313
66294,1.0887299,8.587845,5.0847473
66352,1.0384827,8.604584,4.914856
66409,1.0193481,8.580658,4.737793
66466,0.89730835,8.480164,4.6133575
66523,1.0145569,8.511276,5.017746
66581,1.0049896,8.549561,4.9698944
66641,1.1413727,8.626129,4.898102
66698,0.9499512,8.566299,4.926819
66755,1.1150513,8.599808,4.778473
66814,0.9523468,8.523239,4.709076
66875,0.9690857,8.506485,5.0081787
66929,0.9260254,8.618942,5.0321045
66986,1.0289154,8.544769,5.067993
67047,0.8614197,8.365311,4.474579
67103,1.1676941,8.614166,5.024933
67163,1.0863342,8.585449,4.8143616
67218,1.0983124,8.496918,5.001007
67279,1.2203369,8.616562,5.1015015
67334,0.94277954,8.5902405,4.754532
67392,0.9667053,8.492126,4.926819
67450,0.8685913,8.539978,4.759323
67511,0.928421,8.472992,4.9866486
67565,0.928421,8.523239,4.8789673
67625,1.0552368,8.525635,4.9531403
67692,1.002594,8.539978,4.8311157
67799,1.0097656,8.525635,4.922043
67855,1.1006927,8.484955,4.675583
67913,1.0169525,8.604584,4.811966
67972,0.6771698,8.530411,5.022537
68029,0.85902405,8.535202,5.067993
68090,0.7680969,8.468201,4.811966
68159,0.933197,8.453842,4.857437
68263,1.0600128,8.571091,5.0392914
68318,0.92123413,8.501694,5.067993
68376,0.7920227,8.451447,4.8670044
68437,0.7776642,8.441879,5.024933
68493,0.9523468,8.559128,5.0416718
68552,1.0456696,8.530411,5.0321045
68609,0.9403839,8.456238,4.99382
68667,0.8614197,8.456238,4.9698944
68723,0.8805542,8.451447,4.9579315
68782,0.8901367,8.489731,5.0823517
68842,0.8638153,8.508881,4.9627075
68904,1.0504456,8.525635,5.139786
68955,0.89730835,8.415558,5.001007
69013,0.9140625,8.463409,4.9052887
69071,0.8374939,8.472992,4.996216
69131,0.8422699,8.410767,5.0321045
69186,0.88534546,8.496918,5.0416718
69246,0.899704,8.504089,5.058426
69304,0.9786682,8.487335,5.0512543
69360,0.9954071,8.475372,4.984253
69418,0.91645813,8.427521,4.9794617
69477,0.74894714,8.439484,4.9076843
69534,0.85902405,8.444275,4.9507446
69591,0.97387695,8.4179535,4.9866486
69653,1.0791626,8.542374,5.2331085
69707,1.0743713,8.516052,4.9794617
69770,0.825531,8.398804,5.309677
69824,0.99302673,8.477768,4.9172516
69885,0.90927124,8.303101,4.881363
69945,1.0001984,8.437088,5.063217
70006,0.9954071,8.508881,5.1924286
70057,1.1844482,8.489731,5.1302185
70117,0.89730835,8.367706,5.3766785
70173,0.9140625,8.446671,4.984253
70235,0.5240326,8.322235,5.24028
70287,0.69392395,8.427521,5.560913
70344,0.7034912,8.346161,5.058426
70404,0.7034912,8.425125,5.326416
70460,0.9451599,8.382065,4.914856
70519,0.5407715,8.283951,5.2259216
70579,0.4905243,8.327026,5.173279
70638,0.08135986,8.219345,5.48674
70692,0.6915283,8.389236,5.1924286
70749,0.51924133,8.396408,5.5369873
70810,0.8159485,8.516052,5.3575287
70872,0.6508484,8.331802,5.3694916
70923,0.5096741,8.310272,5.0368958
70982,0.15792847,8.202591,5.1062775
71043,0.14596558,8.271988,5.355133
71097,0.4905243,8.367706,5.2905273
71155,0.63648987,8.3437805,5.4317017
71213,0.5647125,8.358124,5.1469574
71275,0.48335266,8.300705,5.3359985
71328,0.45942688,8.283951,5.3312073
71386,0.25602722,8.336594,5.52742
71444,0.6771698,8.377274,5.2498474
71502,0.4737854,8.236099,5.458023
71560,0.54556274,8.355743,5.1996
71622,0.54556274,8.386841,5.551346
71675,0.5766754,8.123627,4.759323
71736,0.052642822,8.204987,5.7762756
71791,0.58384705,8.652451,6.22612
71850,0.87098694,8.331802,4.97229
71910,0.5886383,7.9872437,4.4147644
71968,0.31585693,8.255234,5.1852417
72024,0.15074158,8.437088,6.1902313
72096,0.4905243,8.355743,5.48674
72198,0.6006012,8.346161,5.304886
72255,0.48812866,8.384445,5.3599243
72313,0.4283142,8.288742,5.584854
72371,0.44984436,8.274384,5.4604187
72430,0.5479584,8.274384,5.0081787
72486,0.45463562,8.216949,5.149353
72545,0.49531555,8.327026,5.149353
72607,0.43310547,8.336594,5.6039886
72660,0.55992126,8.382065,5.3814545
72718,0.77049255,8.3198395,5.3359985
72778,0.46180725,8.317459,5.15654
72835,0.5886383,8.360519,5.522629
72892,0.13160706,8.394028,5.309677
72949,0.5168457,8.303101,5.1421814
73007,0.9020996,8.341385,4.9531403
73079,0.9643097,8.506485,5.170883
73181,0.47138977,8.461029,5.017746
73238,0.6652069,8.377274,5.15654
73299,0.38285828,8.575882,4.8885345
73355,0.6029968,8.506485,4.840683
73417,0.47616577,8.446671,5.716461
73469,-0.279953,8.453842,5.7188416
73528,0.033493042,8.147568,5.419739
73586,-0.8446655,8.587845,4.8789673
73644,-0.61016846,8.214554,4.7234344
73701,-0.7800598,8.475372,4.496109
73759,-0.7920227,8.695511,4.1850433
73817,-0.45703125,8.669189,4.9052887
73876,-0.63409424,8.705093,5.103897
73933,-0.7800598,8.5950165,4.484146
73991,-0.5814514,8.420349,6.1160583
74050,-0.04307556,8.614166,5.900696
74108,0.7417755,8.528015,3.6155548
74167,-0.0023956299,9.477966,3.316452
74223,0.76091003,8.970688,3.8692017
74281,0.8231354,9.212372,4.240082
74338,0.47616577,8.963516,4.6253204
74397,-0.8877411,7.9417725,4.610962
74455,-0.1268158,8.824738,5.3934174
74512,0.30867004,8.963516,4.364502
74570,0.23928833,8.999405,5.3407745
74631,0.25842285,8.786438,3.7950134
74686,0.17706299,8.604584,5.4293213
74753,0.35891724,8.786438,4.4985046
74804,0.32781982,8.738586,4.9579315
74859,-0.2033844,8.721832,5.0368958
74918,0.6125641,9.049652,3.6107635
74975,0.28234863,9.04248,4.5009003
75034,0.38523865,8.827118,3.9242249
75092,0.43788147,8.908478,4.5918274
75150,0.13160706,8.740982,3.8883362
75207,0.3014984,9.126221,5.407776
75267,-0.0382843,8.932404,4.146759
75322,0.279953,8.726624,4.5296173
75380,0.29670715,8.831909,4.627716
75438,-0.06700134,8.8701935,4.9507446
75496,0.34934998,8.812759,4.228119
75554,0.44506836,8.743378,4.445862
75619,0.124420166,8.616562,4.7234344
75670,0.047851562,8.628525,4.6588287
75728,0.13160706,8.882156,4.3286133
75791,0.17945862,8.628525,5.161316
75843,0.2033844,8.690735,5.2331085
75902,0.2679901,8.654846,5.0368958
75960,0.117248535,8.606979,4.4697876
76022,0.27757263,8.508881,4.9794617
76078,0.27038574,8.793625,4.0989075
76134,-0.08375549,8.513657,4.6420746
76191,0.61735535,8.867798,5.350357
76249,0.25602722,8.480164,5.252243
76311,0.3397827,8.561523,5.170883
76366,0.58384705,8.248062,4.472183
76426,0.2679901,8.496918,4.7282104
76482,0.4091797,8.666809,4.76651
76538,0.22732544,8.807983,5.079956
76600,0.29910278,8.573486,4.9340057
76653,0.29910278,8.578262,5.1110687
76711,0.40438843,8.633301,4.651642
76773,0.34934998,8.518448,5.395813
76827,0.23210144,9.028122,4.833496
76887,0.38763428,8.456238,4.795212
76943,0.49771118,8.496918,4.4985046
77001,0.33499146,8.566299,4.97229
77059,0.32063293,8.690735,5.0775757
77117,0.3756714,8.666809,4.771286
77177,0.2536316,8.8367,5.001007
77237,0.18902588,8.958725,4.864609
77292,0.38523865,8.683548,4.584656
77348,0.117248535,8.944366,4.364502
77413,0.43788147,8.322235,3.8500519
77464,0.22732544,8.851059,4.5631104
77522,0.32063293,8.73381,4.2017975
77581,-0.17228699,9.667007,3.7256317
77641,0.90448,8.489731,5.493927
77698,0.830307,7.795822,5.230713
77754,0.81355286,8.549561,4.7521515
77812,0.73220825,8.578262,5.079956
77872,0.59580994,8.616562,4.6420746
77927,0.55752563,8.650055,4.943573
77987,0.5814514,8.573486,4.342972
78043,0.71784973,8.461029,4.8837585
78102,0.9188385,8.551941,4.9340057
78160,1.0456696,8.566299,5.7547455
78222,0.9403839,8.549561,5.0847473
78276,0.96191406,8.374878,5.027313
78333,0.8183441,8.463409,4.8598175
78391,0.80158997,8.547165,4.7401886
78449,0.7776642,8.420349,4.9866486
78506,0.54556274,9.049652,5.4891357
78564,0.7896271,8.539978,5.407776
78625,0.8446655,8.472992,4.737793
78680,0.91645813,8.276779,4.902893
78739,0.8566284,8.437088,4.924423
78802,1.0193481,8.252853,4.977066
78856,0.87098694,8.374878,5.046463
78913,0.7537384,8.489731,5.2570343
78970,0.933197,8.331802,4.7019043
79027,0.7537384,8.535202,5.5369873
79085,0.71066284,8.489731,5.38385
79143,1.3758698,8.384445,6.2644043
79200,1.2346954,7.668991,4.2544403
79258,0.7728882,8.738586,4.76651
79317,0.7130585,8.709869,4.996216
79379,0.78723145,8.599808,5.4963074
79436,0.8925171,8.547165,4.8143616
79490,0.99780273,8.427521,4.89093
79549,0.6891327,8.480164,4.922043
79607,0.8685913,8.350952,5.09671
79664,0.7010956,8.566299,5.2139587
79721,1.105484,8.410767,5.0201416
79785,0.825531,8.475372,5.144562
79838,0.7010956,8.544769,4.5631104
79896,0.8518524,8.379669,4.996216
79954,0.94277954,8.547165,4.730606
80019,1.0576324,8.092529,5.556137
80085,1.0791626,8.207382,5.9126587
80184,1.2753754,8.152344,4.9794617
80246,1.0552368,8.267197,5.6327057
80303,1.3567352,8.197815,5.8217316
80358,0.119644165,8.054245,5.292923
80418,1.450058,8.195419,5.2857513
80474,1.3375854,8.310272,5.3694916
80534,1.1509552,8.27916,5.2498474
80590,0.88534546,8.109283,5.3120728
80648,1.5936127,8.427521,4.589432
80706,1.3615112,8.496918,5.2666016
80766,1.3997955,8.432312,5.0392914
80822,1.2586212,8.441879,5.170883
80879,1.0959167,8.305481,4.68515
80940,1.1676941,8.470596,5.4101715
80996,1.1413727,8.389236,4.819153
81053,1.1533356,8.322235,4.7449646
81112,1.0648041,8.451447,5.07518
81169,1.2346954,8.4227295,5.091934
81235,1.1126556,8.286346,5.3192444
81286,1.4715881,8.451447,4.718643
81343,1.0600128,8.346161,5.0105743
81400,1.2346954,8.408386,5.4676056
81458,1.0743713,8.286346,5.127823
81517,0.92123413,8.291138,5.1015015
81581,1.1318054,8.449051,5.3168488
81638,1.1437683,8.678772,5.242676
81690,1.174881,8.566299,5.170883
81749,1.5553284,8.547165,5.1254272
81807,0.9379883,8.475372,5.2283173
81866,1.7108612,8.410767,4.220932
81922,0.64845276,9.162125,5.723633
81979,1.0456696,8.681168,4.352539
82038,0.74894714,8.975479,4.364502
82099,1.3710938,8.303101,3.426529
82153,1.0121613,8.767303,4.3836517
82211,1.0073853,8.810379,4.8957214
82273,1.0073853,8.597412,4.5296173
82327,1.2059784,8.054245,4.7114716
82385,0.33259583,9.705292,3.2350922
82445,0.35653687,9.293716,4.067795
82501,0.24885559,9.631119,3.694519
82559,0.99302673,8.556732,3.0963135
82622,0.6197357,8.824738,4.388443
82676,0.5862427,8.927628,4.1826477
82735,0.5288086,8.889343,4.697113
82790,0.5001068,9.008972,4.278366
82847,0.52163696,8.994614,3.5700989
82908,0.3254242,9.198013,4.4075775
82964,0.5431671,8.9730835,4.4147644
83025,0.50727844,8.949158,4.7401886
83080,0.78723145,8.5950165,4.208969
83137,0.67237854,8.645264,4.5702972
83197,0.58384705,8.8367,4.441086
83253,0.22253418,9.296112,4.4817505
83311,0.8566284,8.549561,4.1108704
83374,0.68434143,8.618942,4.381256
83427,0.7920227,8.432312,4.6372833
83485,0.8374939,8.499313,4.1515503
83544,0.34934998,8.889343,4.3094788
83604,0.46180725,8.889343,4.43869
83659,0.3397827,8.834305,4.749756
83717,0.49531555,9.025726,4.417145
83775,0.1531372,8.834305,4.4889374
83833,0.19621277,8.997009,5.0536346
83893,0.6269226,8.573486,3.809372
83947,0.21057129,8.903687,4.689926
84008,0.37088013,8.642868,4.297516
84065,-0.007171631,8.819946,4.204193
84120,0.29910278,8.882156,4.5391846
84180,0.3254242,8.805588,4.388443
84239,0.14356995,8.8989105,4.094116
84295,-0.0047912598,9.169296,4.64447
84353,-0.1651001,8.784058,5.4101715
84413,-0.023925781,8.604584,4.893326
84469,0.48335266,8.286346,5.412567
84536,0.77526855,8.444275,3.0843506
84644,0.19621277,9.61676,3.4002075
84699,0.37088013,9.736389,4.106079
84757,1.9429779,8.377274,1.5792694
84816,1.3495483,9.7005005,3.041275
84877,1.5984039,9.403793,0.38046265
84932,1.3926239,9.468399,1.6342926
84989,1.1652985,9.454041,1.2705841
85047,1.1940155,9.458832,2.2420807
85106,1.4763641,9.4205475,1.6103668
85165,1.3997955,9.504288,2.7876434
85223,1.351944,9.470795,2.6847534
85279,1.4883423,9.214767,2.7876434
85339,1.2753754,9.39183,3.172882
85395,1.5601196,8.930008,3.5485535
85453,1.031311,9.614365,3.0652008
85513,1.0504456,9.485153,3.1872406
85568,1.2227325,9.116653,2.8713837
85629,1.0648041,9.566513,3.5126648
85684,1.2442627,9.324829,3.5581207
85746,1.1724854,9.162125,2.7134552
85800,0.95474243,9.3703,3.213562
85865,0.8638153,9.470795,3.2015991
85916,0.9379883,9.298508,3.0388794
85974,0.84706116,9.456436,3.5677032
86033,1.0241241,9.229111,3.378662
86091,0.53359985,9.418152,2.5986023
86147,0.5670929,9.068802,2.8091736
86206,0.61735535,8.927628,2.9910278
86267,0.21534729,9.025726,4.197006
86333,0.29193115,8.925232,4.0127563
86438,0.009567261,9.104691,4.6612244
86497,0.20578003,8.700302,4.137192
86561,-0.093322754,9.109482,4.6995087
86618,-0.035888672,9.111862,3.9170532
86669,-0.07417297,8.956329,4.656433
86732,0.1986084,8.705093,3.6083832
86785,-0.18664551,9.068802,4.1324005
86841,-0.3062744,9.408585,4.371689
86915,0.114852905,9.107086,4.3501587
87018,0.18664551,8.822342,4.5104675
87074,0.24645996,8.958725,3.4241333
87132,0.29431152,8.752945,3.7830505
87191,0.22013855,8.752945,3.9242249
87247,0.0382843,9.18605,4.4769745
87306,0.06700134,9.262619,4.165909
87368,0.31106567,8.932404,4.409973
87421,0.3900299,8.810379,4.2711945
87478,0.62931824,8.437088,3.6586304
87536,0.095718384,8.968292,4.7019043
87594,-0.06700134,9.353546,4.0414734
87652,0.08375549,9.006592,3.9577332
87710,0.25602722,8.822342,3.9505463
87773,0.48335266,8.618942,4.3573303
87826,0.33738708,8.8701935,4.165909
87893,-0.0143585205,9.049652,4.3094788
88002,0.0023956299,8.994614,4.051056
88057,0.062210083,8.999405,4.3262177
88118,0.086135864,8.743378,4.3501587
88175,-0.098098755,9.152542,4.4937286
88233,0.107681274,8.865402,4.5056915
88293,0.3134613,8.657227,4.1563263
88347,0.01675415,8.932404,4.237686
88406,-0.100494385,9.157333,3.9601288
88462,0.0143585205,8.853439,4.4985046
88522,0.16989136,8.724228,4.445862
88578,0.18424988,8.8007965,4.409973
88639,0.102890015,8.776871,4.2017975
88694,-0.102890015,9.006592,4.543976
88753,-0.088531494,8.970688,4.2998962
88810,-0.17945862,9.166901,4.3262177
88872,0.0382843,8.853439,4.6205444
88932,0.100494385,8.807983,4.3621216
88990,-0.16989136,8.999405,4.433899
89041,-0.028717041,8.934799,4.010376
89099,-0.107681274,8.953949,4.515259
89159,-0.093322754,9.090332,4.2544403
89215,0.14356995,8.726624,4.433899
89280,0.07417297,8.752945,4.359726
89331,-0.01675415,8.918045,4.1036835
89391,-0.13400269,9.080765,4.2113647
89446,-0.1268158,9.056839,4.2879333
89505,0.13160706,8.815155,4.23291
89564,0.026321411,9.004196,4.3621216
89625,-0.03111267,9.037689,4.472183
89679,0.16749573,8.767303,4.496109
89736,-0.033493042,8.908478,4.0821533
89794,0.15792847,8.901306,4.1826477
89854,0.29193115,9.032898,5.166107
89910,0.0047912598,9.025726,4.010376
89968,0.37088013,8.437088,4.450653
90028,0.028717041,9.073578,3.3379822
90083,-0.105285645,9.262619,4.524826
90141,-0.059814453,9.181259,4.067795
90200,-0.050247192,9.159729,4.249649
90263,0.28234863,8.740982,3.735199
90316,1.0480499,8.685944,4.536789
90377,0.928421,8.286346,4.922043
90432,0.29193115,8.662018,3.378662
90492,-0.107681274,9.315262,3.8452606
90547,-0.1268158,8.944366,3.6801605
90610,-0.16749573,9.3703,4.5176544
90664,0.59820557,8.738586,5.1876373
90724,0.9188385,8.614166,4.1228333
90778,0.33499146,8.638092,4.208969
90837,0.023925781,8.989838,4.031906
90894,-0.07896423,9.207581,4.331009
90960,0.24645996,8.810379,4.3286133
91011,0.19381714,9.047256,4.2065887
91070,0.43070984,9.154938,3.8165588
91125,0.65802,8.573486,4.187439
91183,0.40678406,8.542374,4.1898346
91243,0.14117432,8.8701935,4.4267273
91299,-0.021530151,9.131012,4.9387817
91368,-0.0143585205,9.454041,4.543976
91421,0.32302856,8.824738,4.3238373
91473,0.3637085,8.547165,4.2305145
91531,0.42114258,8.731415,3.8907318
91588,0.2033844,8.958725,4.3094788
91647,0.04067993,9.171692,4.2137604
91704,0.112457275,8.877365,4.1276245
91764,0.1603241,8.894119,4.163513
91823,0.19621277,8.827118,4.3788605
91878,0.18664551,8.630905,4.060623
91936,-0.112457275,9.1453705,4.268799
91994,-0.06460571,8.977875,4.6253204
92052,-0.023925781,8.956329,4.084549
92114,0.086135864,8.647659,4.1324005
92170,-0.055038452,8.714661,4.852646
92227,-0.117248535,8.968292,4.2951202
92286,-0.27038574,8.9730835,4.381256
92341,0.16270447,8.461029,5.309677
92399,-0.0143585205,8.685944,4.412369
92456,-0.17468262,8.628525,5.292923
92515,0.01675415,8.580658,4.6037903
92574,0.007171631,8.228912,4.9986115
92633,-0.07417297,8.3198395,5.223526
92688,-0.31106567,8.5902405,5.6853485
92746,-0.124420166,8.482559,5.5250244
92806,-0.33259583,8.618942,5.2785645
92872,-0.1531372,8.281555,5.3240356
92977,-0.30389404,8.628525,5.3288116
93035,-0.119644165,8.257629,5.448456
93094,-0.13160706,8.379669,4.9914246
93153,-0.119644165,8.305481,5.69014
93209,-0.1651001,8.386841,5.30011
93267,-0.08135986,8.281555,4.9794617
93325,-0.33499146,8.559128,4.9794617
93384,-0.24645996,8.621338,5.2211456
93442,-0.090927124,8.331802,5.1756744
93508,-0.16270447,8.511276,5.1756744
93560,-0.28234863,8.429916,4.862213
93616,-0.110076904,8.566299,5.1015015
93672,-0.07417297,8.240875,5.058426
93729,-0.1483612,8.513657,5.276169
93795,-0.2416687,8.652451,5.15654
93904,0.026321411,8.283951,4.7282104
93961,0.06939697,8.252853,5.161316
94025,-0.117248535,8.551941,4.977066
94077,-0.114852905,8.367706,4.9794617
94134,-0.28953552,8.683548,5.2785645
94193,-0.17228699,8.599808,4.8478546
94253,-0.124420166,8.437088,4.8311157
94308,0.057434082,8.350952,5.1756744
94369,-0.04067993,8.496918,5.0368958
94425,-0.105285645,8.398804,5.194824
94491,-0.2536316,8.633301,5.099106
94598,-0.36849976,8.740982,4.548752
94656,-0.055038452,8.429916,4.689926
94714,-0.007171631,8.4227295,4.864609
94774,0.033493042,8.3437805,4.9986115
94829,-0.16989136,8.602203,4.9698944
94887,-0.38763428,8.848663,4.7401886
94945,-0.15792847,8.5902405,4.845459
95005,-0.16989136,8.628525,4.967499
95061,-0.112457275,8.571091,4.7114716
95122,-0.26560974,8.764908,4.9914246
95177,-0.29431152,8.906082,5.412567
95235,0.01675415,8.446671,4.3621216
95293,0.119644165,8.137985,4.4195404
95352,-0.021530151,8.606979,4.584656
95408,-0.24406433,8.805588,4.9627075
95466,-0.2368927,8.807983,5.2953186
95524,-0.114852905,8.829514,4.697113
95582,0.0023956299,8.370087,4.37648
95641,-0.17945862,8.788834,4.7736816
95698,-0.22253418,8.846268,4.9986115
95756,-0.18664551,8.724228,4.97229
95813,0.0047912598,8.451447,4.709076
95873,-0.047851562,8.492126,4.4362946
95930,-0.124420166,8.678772,4.512863
95988,-0.25125122,8.786438,4.845459
96045,-0.15074158,8.695511,4.749756
96104,-0.22492981,8.776871,4.783249
96161,-0.13400269,8.571091,4.8382874
96219,-0.107681274,8.654846,4.8047943
96276,-0.1531372,8.592621,4.5272217
96335,-0.17228699,8.798416,4.3740845
96393,-0.23449707,8.563919,4.441086
96452,-0.19621277,8.700302,4.443466
96509,-0.07896423,8.784058,4.7521515
96568,-0.119644165,8.525635,4.8095703
96632,-0.023925781,8.561523,5.0560303
96684,0.26081848,8.097305,5.070389
96741,0.033493042,8.358124,5.0512543
96798,-0.29193115,8.762512,5.0943146
96856,-0.41635132,8.985046,4.546356
96914,-0.16749573,8.499313,4.5056915
96973,-0.2679901,8.551941,5.099106
97032,-0.21774292,8.705093,5.1804657
97088,-0.31825256,8.530411,4.8382874
97146,-0.45224,8.736191,4.7401886
97204,-0.21057129,8.630905,4.6325073
97263,-0.15792847,8.401199,5.087143
97322,-0.279953,8.628525,5.0847473
97377,-0.29431152,8.702698,5.32164
97435,-0.27038574,8.511276,4.5702972
97494,-0.20100403,8.425125,4.8047943
97553,-0.1603241,8.453842,5.0033875
97612,-0.31585693,8.626129,5.079956
97667,-0.31585693,8.645264,5.247467
97725,-0.42352295,8.755341,4.8311157
97788,-0.34457397,8.738586,4.7856445
97841,-0.090927124,8.370087,4.852646
97898,-0.102890015,8.410767,4.9387817
97956,-0.2679901,8.640488,4.914856
98015,-0.41635132,8.858231,4.9627075
98072,-0.3637085,8.872589,4.8023987
98131,-0.25125122,8.609375,5.09671
98188,-0.0765686,8.530411,4.749756
98246,-0.04067993,8.535202,5.0847473
98304,0.050247192,8.657227,4.455429
98367,0.009567261,8.415558,4.6995087
98420,0.18664551,8.329422,5.1302185
98479,0.1531372,8.300705,5.5681
98535,0.098098755,8.465805,5.149353
98593,-0.088531494,8.554337,4.718643
98652,-0.28953552,8.709869,4.6372833
98708,-0.17945862,8.815155,5.0560303
98770,-0.18424988,8.561523,4.82872
98829,0.0023956299,8.427521,4.5104675
98890,-0.011962891,8.420349,5.07518
98998,-0.27757263,8.638092,4.965103
99057,-0.100494385,8.499313,5.149353
99114,-0.17706299,8.516052,4.9818573
99173,-0.22013855,8.647659,4.9459686
99232,-0.13877869,8.456238,4.8717804
99287,-0.2416687,8.592621,5.1349945
99346,-0.275177,8.738586,5.1469574
99406,-0.1651001,8.535202,4.8071747
99462,-0.107681274,8.525635,4.9411774
99523,-0.01914978,8.276779,5.022537
99577,-0.007171631,8.327026,4.9746857
99635,-0.03111267,8.212173,4.9794617
99693,-1.5361938,8.023132,5.1517487
99754,0.94277954,8.248062,4.1515503
99809,0.15792847,7.022934,5.355133
99876,-0.5934143,9.111862,4.615753
99991,-0.06460571,8.212173,4.9794617
100098,-0.28234863,8.580658,4.977066
100160,-0.2536316,8.542374,5.338394
100213,-0.2679901,8.678772,5.3479614
100271,-0.21057129,8.5208435,4.99382
100329,-0.29193115,8.573486,5.024933
100389,-0.19621277,8.5902405,5.0775757
100445,-0.26081848,8.472992,5.230713
100505,-0.23449707,8.604584,4.9507446
100562,-0.20100403,8.604584,4.792816
100625,-0.2416687,8.602203,4.792816
100677,-0.06460571,8.441879,4.68515
100736,0.023925781,8.171494,4.864609
100800,-0.13400269,8.408386,4.7736816
100851,-0.50727844,10.0785675,5.4723816
100909,-0.63648987,8.922836,5.6805573
100966,0.18185425,8.145172,4.924423
101029,0.08135986,8.008774,4.874176
101082,-1.4356995,7.869995,4.742569
101141,0.3014984,8.5950165,3.7088776
101200,0.06700134,7.5373993,5.7475586
101257,-0.37327576,9.020935,4.9004974
101314,-0.35414124,8.729019,5.6757812
101377,-0.3134613,8.394028,4.9914246
101430,-0.28234863,8.571091,4.93161
101489,-0.3254242,8.453842,4.9986115
101545,-0.38285828,8.587845,4.893326
101615,-0.40678406,8.544769,4.771286
101719,-0.3397827,8.532806,5.139786
101778,-0.26081848,8.415558,4.9052887
101835,-0.54556274,8.542374,5.103897
101894,-0.33499146,8.4179535,4.8957214
101953,-0.41156006,8.523239,5.34317
102009,-0.36131287,8.487335,4.9818573
102066,-0.5383911,8.566299,5.1469574
102127,-0.40678406,8.568695,4.9004974
102185,-0.34457397,8.307877,5.276169
102240,-0.42114258,8.561523,5.0847473
102298,-0.46180725,8.492126,4.840683
102357,-0.45463562,8.446671,4.8957214
102417,-0.41874695,8.391632,4.960327
102477,-0.6269226,8.652451,5.2378845
102531,-0.55513,8.592621,5.304886
102588,-0.4139557,8.492126,4.893326
102647,-0.4355011,8.295914,5.07518
102703,-0.53359985,8.504089,5.1852417
102761,-0.4905243,8.506485,5.0727844
102821,-0.49531555,8.451447,5.11586
102878,-0.54556274,8.566299,5.2881317
102937,-0.4785614,8.494522,4.965103
102994,-0.53359985,8.504089,5.01297
103052,-0.5766754,8.492126,5.1876373
103108,-0.4785614,8.559128,5.139786
103167,-0.6269226,8.477768,5.1972046
103225,-0.59103394,8.566299,4.4362946
103284,-0.40438843,8.492126,4.598999
103339,-0.5288086,8.403595,4.651642
103398,-0.63409424,8.688339,5.371887
103457,-0.4737854,8.554337,5.38385
103515,-0.4283142,8.405991,4.9986115
103572,-0.5934143,8.539978,4.7688904
103629,-0.61735535,8.599808,4.893326
103688,-0.5383911,8.458633,4.754532
103745,-0.5144501,8.410767,4.9411774
103803,-0.6388855,8.707489,5.2259216
103867,-0.5359955,8.539978,5.161316
103920,-0.6029968,8.6237335,4.967499
103976,-0.52163696,8.518448,4.8358917
104034,-0.45942688,8.516052,4.7856445
104093,-0.57188416,8.5208435,4.881363
104154,-0.54556274,8.539978,4.8382874
104208,-0.5479584,8.606979,5.022537
104269,-0.5048828,8.551941,4.8789673
104324,-0.5479584,8.5208435,4.749756
104385,-0.55274963,8.571091,4.9698944
104446,-0.55992126,8.606979,5.0345
104497,-0.55274963,8.559128,4.852646
104555,-0.59580994,8.566299,4.819153
104621,-0.5647125,8.669189,4.9483643
104674,-0.5431671,8.528015,4.955536
104728,-0.55992126,8.611771,4.8095703
104796,-0.59580994,8.5902405,4.9172516
104904,-0.59103394,8.554337,5.0416718
104971,-0.6795654,8.757736,4.989029
105075,-0.5096741,8.504089,4.584656
105138,-0.5766754,8.530411,4.7066803
105194,-0.62213135,8.774475,5.242676
105252,-0.43070984,8.461029,4.9698944
105308,-0.59580994,8.628525,4.819153
105368,-0.55274963,8.609375,4.919647
105428,-0.5647125,8.626129,4.692322
105483,-0.55752563,8.506485,4.823929
105539,-0.5623169,8.721832,4.8885345
105597,-0.5144501,8.542374,4.7569275
105658,-0.52163696,8.599808,4.7760773
105713,-0.5670929,8.673981,4.886139
105772,-0.6197357,8.721832,4.955536
105829,-0.5001068,8.568695,4.713867
105889,-0.48095703,8.551941,4.5391846
105944,-0.49531555,8.575882,4.7162476
106008,-0.48812866,8.621338,4.893326
106063,-0.5144501,8.614166,4.778473
106119,-0.49531555,8.551941,4.7234344
106177,-0.4785614,8.597412,4.7066803
106234,-0.5168457,8.616562,4.8957214
106293,-0.5623169,8.724228,5.0368958
106356,-0.5240326,8.640488,4.6660004
106407,-0.5862427,8.673981,4.7353973
106475,-0.52163696,8.6237335,4.8550415
106527,-0.51924133,8.662018,4.816757
106582,-0.5886383,8.662018,4.8311157
106641,-0.53359985,8.688339,4.7019043
106697,-0.5862427,8.657227,4.996216
106758,-0.5647125,8.6979065,4.9411774
106814,-0.49771118,8.6237335,4.7066803
106874,-0.43788147,8.499313,4.689926
106932,-0.5694885,8.628525,4.7449646
106990,-0.69392395,8.879761,5.132599
107045,-0.5647125,8.578262,4.749756
107104,-0.5144501,8.518448,4.5104675
107165,-0.6795654,8.630905,4.520035
107219,-0.5647125,8.676376,4.795212
107275,-0.5814514,8.669189,4.886139
107333,-0.5479584,8.654846,4.7808533
107394,-0.6269226,8.688339,4.881363
107451,-0.6197357,8.647659,4.82872
107509,-0.6053772,8.714661,4.7114716
107566,-0.59820557,8.592621,4.7401886
107626,-0.6628113,8.724228,4.721039
107684,-0.6197357,8.705093,4.668396
107739,-0.550354,8.647659,4.811966
107797,-0.72502136,8.6931305,4.8598175
107856,-0.55513,8.762512,4.7688904
107914,-0.6197357,8.516052,4.6372833
107972,-0.5694885,8.831909,4.5798645
108028,-0.6029968,8.664413,4.7162476
108092,-0.66041565,8.745773,4.936386
108147,-0.49291992,8.580658,4.606186
108212,-0.55752563,8.688339,4.7736816
108266,-0.5790558,8.650055,4.651642
108321,-0.59103394,8.752945,4.7162476
108377,-0.5886383,8.664413,4.754532
108434,-0.5264282,8.621338,4.532013
108496,-0.5407715,8.5950165,4.651642
108549,-0.6077728,8.740982,4.8765717
108607,-0.5742798,8.714661,4.675583
108668,-0.550354,8.666809,4.7042847
108723,-0.55274963,8.659622,4.7808533
108784,-0.5742798,8.683548,4.8430786
108840,-0.59820557,8.685944,4.718643
108896,-0.62931824,8.705093,4.7976074
108963,-0.550354,8.626129,4.64447
109019,-0.5862427,8.657227,4.58226
109070,-0.7034912,8.714661,4.4291077
109130,-0.59580994,8.745773,5.15654
109186,-0.62931824,8.6931305,4.656433
109246,-0.57188416,8.664413,4.713867
109303,-0.6460571,8.618942,4.6205444
109367,-0.7417755,8.824738,4.749756
109419,-0.6963043,8.707489,4.823929
109475,-0.5766754,8.573486,4.3501587
109537,-0.7680969,8.633301,4.2592316
109592,-0.7082825,8.583054,4.8694
109653,-0.78723145,8.989838,5.4053802
109708,-0.6006012,8.621338,4.9172516
109768,-0.6795654,8.645264,4.4027863
109824,-0.71784973,8.647659,4.2711945
109883,-0.69869995,8.671585,4.680359
109938,-0.63409424,8.717056,4.790436
109998,-0.653244,8.602203,4.742569
110057,-0.71784973,8.743378,4.6540375
110119,-0.69869995,8.659622,4.618149
110171,-0.727417,8.705093,4.6372833
110228,-0.74417114,8.676376,4.639679
110286,-0.7130585,8.748154,4.5056915
110343,-0.74894714,8.700302,4.759323
110402,-0.77526855,8.774475,4.8765717
110460,-0.7010956,8.671585,4.634903
110522,-0.71066284,8.673981,4.618149
110583,-0.59580994,8.604584,4.697113
110636,-0.75613403,8.702698,4.6707916
110696,-0.75613403,8.922836,5.058426
110758,-0.65802,8.702698,4.8311157
110868,-0.6652069,8.702698,4.417145
110924,-0.6771698,8.755341,4.7019043
110985,-0.64845276,8.580658,4.639679
111040,-0.653244,8.638092,4.5966187
111096,-0.75852966,8.8007965,4.8143616
111161,-0.68673706,8.678772,4.7688904
111213,-0.79441833,8.788834,4.5607147
111270,-0.79441833,8.863022,4.651642
111333,-0.7848511,8.630905,4.405182
111386,-0.6460571,8.583054,4.634903
111443,-0.5862427,8.504089,4.606186
111502,-0.7776642,8.817551,5.0536346
111560,-0.98106384,9.044876,5.15654
111618,-0.6771698,8.537598,4.692322
111677,-0.6628113,8.994614,3.9768677
111734,-0.41156006,8.183456,5.3575287
111791,-0.3397827,8.463409,3.8452606
111852,-0.5407715,8.798416,4.443466
111910,-0.7082825,8.764908,4.6325073
111965,-0.6460571,8.731415,4.902893
112029,-0.7513428,8.918045,4.692322
112082,-0.6771698,8.760132,4.5511475
112139,-0.7130585,8.896515,4.639679
112196,-0.5670929,8.645264,4.381256
112255,-0.55513,8.614166,4.278366
112315,-0.653244,8.841476,4.62294
112375,-0.66760254,8.819946,4.6636047
112430,-0.72024536,8.977875,4.730606
112490,-0.23928833,8.611771,4.5009003
112545,-0.16989136,8.078171,5.1254272
112602,-0.928421,8.508881,4.618149
112661,-1.1365967,9.547363,4.960327
112718,-1.3543396,9.540192,4.6253204
112775,-0.6699829,8.642868,4.2017975
112833,-0.1483612,8.164307,4.3166504
112891,-0.4905243,8.470596,4.261612
112951,-0.81355286,9.061615,4.8023987
113009,-0.5479584,8.764908,4.589432
113064,-0.50727844,8.561523,4.5918274
113124,-0.49291992,8.659622,4.5104675
113183,-0.6460571,8.537598,4.7617188
113239,-0.6053772,8.673981,4.010376
113298,-1.071991,9.205185,4.9818573
113363,-1.1700897,9.540192,4.3453674
113469,-0.46180725,8.415558,4.821533
113531,-0.80877686,9.241089,3.8931274
113586,-0.5359955,8.4227295,4.153946
113643,-0.4283142,8.444275,5.149353
113702,-0.45703125,8.714661,5.970093
113761,-0.44267273,8.726624,4.3573303
113820,-0.77526855,8.786438,3.9960175
113877,-0.8446655,9.262619,3.6466675
113932,-0.5647125,8.695511,4.0701904
113990,-0.3756714,8.465805,4.9004974
114049,-0.44506836,8.743378,4.967499
114113,-0.62213135,8.812759,4.639679
114167,-0.74417114,8.970688,4.319046
114224,-0.73698425,9.047256,4.4865417
114286,-0.624527,8.863022,4.5104675
114338,-0.51924133,8.805588,4.565506
114396,-0.5288086,8.757736,4.4985046
114456,-0.5766754,8.822342,4.3381805
114513,-0.5886383,8.843872,4.4530487
114572,-0.5359955,8.827118,4.467407
114628,-0.50727844,8.616562,4.58226
114693,-0.6412811,8.932404,4.474579
114745,-0.71784973,8.985046,4.3238373
114802,-0.70588684,9.028122,4.58226
114860,-0.5934143,8.910873,4.5176544
114925,-0.38285828,8.566299,4.359726
115033,-0.4139557,8.705093,4.5272217
115090,-0.4091797,8.73381,4.2113647
115148,-0.49291992,8.8367,4.2352905
115209,-0.61016846,8.946762,4.433899
115265,-0.5623169,8.963516,4.6037903
115332,-0.4785614,8.767303,4.4817505
115437,-0.5766754,8.970688,4.4865417
115496,-0.63409424,8.949158,4.5679016
115556,-0.5766754,8.98027,4.606186
115622,-0.37327576,8.647659,4.1515503
115735,-0.43310547,8.705093,4.393219
115789,-0.39959717,8.786438,4.5583344
115844,-0.5312042,8.934799,4.2257233
115901,-0.4402771,8.793625,4.3166504
115959,-0.49291992,8.831909,4.4291077
116020,-0.5790558,8.927628,4.3980103
116074,-0.5647125,8.949158,4.381256
116133,-0.4665985,8.819946,4.3262177
116195,-0.46420288,8.719452,4.3956146
116251,-0.42591858,8.863022,4.5583344
116308,-0.5144501,8.827118,4.409973
116370,-0.50727844,8.822342,4.2998962
116428,-0.5264282,8.932404,4.472183
116480,-0.48335266,8.853439,4.546356
116538,-0.4857483,8.834305,4.307083
116595,-0.5096741,8.93959,4.58226
116655,-0.45224,8.889343,4.450653
116721,-0.45463562,8.8367,4.311859
116829,-0.4737854,8.891724,4.3358
116886,-0.447464,8.767303,4.302292
116944,-0.4283142,8.834305,4.4602203
117001,-0.48095703,8.858231,4.4291077
117059,-0.45463562,8.860626,4.503296
117117,-0.5670929,8.968292,4.4195404
117174,-0.5024872,8.920441,4.639679
117233,-0.42352295,8.717056,4.417145
117291,-0.48095703,8.937195,4.450653
117348,-0.48812866,8.8367,4.3908234
117407,-0.46180725,8.839081,4.340576
117464,-0.48335266,8.865402,4.4075775
117528,-0.43310547,8.793625,4.548752
117582,-0.41156006,8.786438,4.462616
117639,-0.5144501,8.908478,4.4315033
117700,-0.4857483,8.891724,4.2831573
117757,-0.42591858,8.757736,4.319046
117853,-0.46420288,8.843872,4.342972
117910,-0.4402771,8.817551,4.5224304
117965,-0.49531555,8.803192,4.3142548
118023,-0.4402771,8.93959,4.417145
118085,-0.48812866,8.834305,4.3262177
118140,-0.5024872,8.901306,4.3453674
118200,-0.4665985,8.815155,4.62294
118258,-0.4737854,8.831909,4.405182
118318,-0.44506836,8.810379,4.2998962
118375,-0.4737854,8.853439,4.548752
118431,-0.45224,8.853439,4.5583344
118487,-0.46420288,8.810379,4.4027863
118545,-0.4785614,8.858231,4.4530487
118611,-0.48812866,8.877365,4.4267273
118662,-0.53359985,8.903687,4.4937286
118718,-0.45703125,8.791229,4.3956146
118778,-0.4905243,8.886948,4.4291077
118834,-0.46420288,8.776871,4.412369
118893,-0.4665985,8.843872,4.421936
118950,-0.47138977,8.803192,4.587036
119010,-0.49531555,8.846268,4.412369
119066,-0.447464,8.827118,4.417145
119124,-0.5120697,8.8367,4.3908234
119182,-0.41635132,8.786438,4.5583344
119242,-0.42114258,8.846268,4.6301117
119297,-0.1986084,8.482559,4.5750732
119359,-0.5862427,9.059235,5.01297
119415,-0.4283142,8.762512,4.9483643
119471,-0.16270447,8.504089,4.285553
119533,-0.15074158,8.489731,4.340576
119591,-0.23928833,8.551941,4.543976
119646,-0.49531555,8.958725,4.9914246
119705,-0.4139557,8.750549,4.7856445
119763,-0.44984436,8.863022,4.587036
119819,-0.4402771,8.743378,4.3980103
119876,-0.38046265,8.784058,4.6995087
119933,-0.3517456,8.767303,4.771286
119992,-0.31825256,8.616562,4.6492615
120052,-0.3517456,8.764908,4.721039
120112,-0.3900299,8.858231,4.474579
120166,-0.43070984,8.867798,4.737793
120224,-0.36610413,8.829514,4.441086
120281,-0.15792847,8.547165,4.1156616
120339,-0.093322754,8.4227295,4.2424774
120413,-0.28953552,8.721832,4.6827545
120515,-0.47138977,8.894119,4.833496
120570,-0.40678406,8.726624,4.290329
120630,-0.46180725,8.903687,4.651642
120687,-0.43070984,8.831909,4.689926
120746,-0.279953,8.621338,4.618149
120802,-0.31585693,8.659622,4.6013947
120860,-0.43070984,8.803192,4.7042847
120919,-0.447464,8.8367,4.618149
120977,-0.5264282,8.915665,4.417145
121033,-0.4091797,8.812759,4.606186
121094,-0.41635132,8.886948,5.0368958
121149,-0.35653687,8.657227,4.598999
121207,-0.17706299,8.551941,4.565506
121269,-0.38523865,8.93959,4.3788605
121325,-0.2679901,8.659622,3.871582
121381,-0.34934998,8.807983,4.1730804
121438,-0.3900299,8.827118,4.6372833
121498,-0.5001068,8.937195,4.9004974
121555,-0.46899414,8.889343,4.7234344
121622,-0.41156006,8.750549,4.462616
121729,-0.5168457,9.008972,4.5583344
121789,-0.279953,8.597412,4.3549347
121851,-0.33738708,8.573486,4.364502
121903,-0.53359985,9.004196,4.8957214
121959,-0.48812866,8.949158,4.441086
122018,-0.39720154,8.611771,4.125229
122077,-0.5694885,8.937195,4.7736816
122136,-0.5623169,9.037689,4.8047943
122192,-0.3254242,8.606979,4.3740845
122249,-0.30867004,8.583054,3.981659
122307,-0.39720154,8.769699,4.5559387
122370,-0.59580994,8.968292,4.7114716
122424,-0.46180725,8.819946,4.589432
122486,-0.43070984,8.784058,4.5009003
122539,-0.34457397,8.676376,4.393219
122605,-0.47138977,8.882156,4.618149
122659,-0.51924133,8.910873,4.496109
122712,-0.5240326,8.894119,4.371689
122770,-0.42352295,8.764908,4.520035
122829,-0.37327576,8.659622,4.5009003
122886,-0.49771118,8.740982,4.417145
122944,-0.4737854,8.829514,4.388443
123002,-0.5264282,8.920441,4.7066803
123059,-0.4905243,8.839081,4.3740845
123118,-0.41635132,8.817551,4.5679016
123176,-0.4283142,8.724228,4.3334045
123232,-0.4402771,8.769699,4.524826
123290,-0.49531555,8.8701935,4.5631104
123353,-0.5407715,8.925232,4.37648
123406,-0.43310547,8.824738,4.6420746
123467,-0.39482117,8.712265,4.4865417
123526,-0.3900299,8.774475,4.4817505
123580,-0.44267273,8.757736,4.331009
123640,-0.4785614,8.913269,4.5559387
123699,-0.59103394,9.056839,4.651642
123756,-0.5024872,8.8701935,4.6013947
123813,-0.38046265,8.717056,4.3956146
123871,-0.46420288,8.834305,4.400406
123928,-0.47616577,8.860626,4.543976
123985,-0.41874695,8.743378,4.58226
124044,-0.43310547,8.884552,4.3334045
124108,-0.37327576,8.709869,4.4889374
124160,-0.37806702,8.695511,4.359726
124217,-0.5670929,8.915665,4.4697876
124277,-0.5479584,8.934799,4.546356
124333,-0.43310547,8.784058,4.4482574
124390,-0.46899414,8.827118,4.536789
124449,-0.40438843,8.776871,4.445862
124507,-0.5144501,8.858231,4.369293
124565,-0.59820557,9.013763,4.4195404
124623,-0.4019928,8.709869,4.5631104
124680,-0.3134613,8.676376,4.3860474
124738,-0.29193115,8.726624,4.3621216
124798,-0.45463562,8.858231,4.3860474
124855,-0.46180725,8.922836,4.5726776
124913,-0.46420288,8.884552,4.3142548
124970,-0.39959717,8.834305,4.297516
125028,-0.3517456,8.805588,4.3166504
125090,-0.39720154,8.786438,4.606186
125144,-0.4019928,8.865402,4.4817505
125201,-0.4665985,8.853439,4.1156616
125264,-0.45942688,8.872589,4.3214417
125324,-0.4905243,8.977875,4.7162476
125380,-0.5479584,9.037689,4.5056915
125433,-0.7848511,9.461227,4.302292
125491,-0.8374939,9.5354,4.1324005
125549,-0.2033844,8.910873,4.165909
125614,0.51924133,7.9992065,4.6779633
125665,0.91166687,7.582855,4.409973
125723,0.4283142,8.413162,4.4578247
125781,0.16270447,8.673981,4.565506
125838,-0.06700134,9.028122,4.0989075
125897,-0.2416687,9.217148,4.2113647
125954,-0.119644165,8.784058,4.2640076
126018,-0.114852905,9.162125,4.819153
126070,0.08375549,8.7960205,4.7019043
126129,0.25602722,8.846268,3.6466675
126186,-0.08135986,8.879761,4.5702972
126245,0.23210144,9.030518,4.3094788
126302,0.2416687,8.695511,4.97229
126366,-0.055038452,9.446869,4.5559387
126421,0.3756714,9.047256,4.9746857
126479,0.9786682,8.396408,4.208969
126534,1.3304138,7.5134583,5.2618103
126590,1.3447723,8.248062,4.015152
126649,0.36610413,9.157333,3.694519
126707,0.9499512,8.463409,5.7475586
126766,0.5359955,8.329422,6.1040955
126827,0.41156006,8.080566,5.5585327
126883,4.0390778,9.308075,4.051056
126938,-0.17945862,8.611771,7.4440765
126998,1.5074768,8.331802,4.3238373
127053,0.20578003,7.9896393,5.46521
127114,-0.01914978,7.680954,5.07518
127170,-0.16270447,7.5517426,6.3792725
127233,0.48335266,7.657028,6.003586
127286,0.4283142,7.5637054,6.467804
127343,0.122039795,7.525421,7.10907
127404,-0.07896423,7.578064,7.080368
127462,1.076767,7.721634,5.69014
127520,1.5385895,7.9537354,5.9844513
127579,1.9669037,7.963318,6.1375885
127632,2.560318,8.606979,5.070389
127691,1.6055908,8.281555,5.0608215
127749,0.88534546,8.085342,5.412567
127808,0.5168457,8.255234,5.309677
127864,0.6771698,8.233704,5.8049927
127923,0.53359985,8.461029,5.699707
127987,0.44267273,8.315063,5.2953186
128038,-0.65563965,8.075775,4.833496
128100,-0.2033844,7.901108,5.613556
128156,-0.028717041,7.726425,5.620743
128214,0.29910278,8.140381,5.7667084
128269,0.5096741,8.492126,5.38385
128327,0.73698425,8.437088,4.8957214
128385,0.72024536,8.358124,5.757126
128443,0.46420288,8.240875,5.38385
128503,-0.2368927,8.154739,5.60878
128559,0.107681274,8.102097,5.379059
128618,0.13639832,8.248062,5.391037
128675,0.6508484,8.190628,6.032303
128733,0.55274963,8.293518,5.367096
128791,0.61016846,8.233704,6.12323
128852,-0.3014984,8.484955,5.309677
128906,-0.050247192,8.336594,4.8598175
128965,-0.19142151,8.504089,4.9172516
129022,0.21534729,8.5208435,4.4315033
129080,0.36849976,8.544769,4.886139
129138,0.093322754,8.621338,5.3862457
129197,0.32063293,8.563919,5.4915314
129258,-0.124420166,8.523239,5.029709
129313,-0.117248535,8.496918,4.7688904
129377,-0.0382843,8.539978,4.7760773
129432,0.122039795,8.626129,5.065613
129487,0.107681274,8.712265,4.811966
129545,0.41156006,8.662018,4.811966
129605,0.15792847,8.709869,4.9387817
129659,0.007171631,8.645264,4.4865417
129723,0.19621277,8.544769,4.8095703
129774,-0.14356995,8.611771,4.8765717
129832,-0.117248535,8.575882,4.548752
129891,0.17945862,8.640488,4.8311157
129950,0.30867004,8.662018,5.3599243
130007,0.49291992,8.8007965,4.82872
130064,0.33259583,8.618942,5.0536346
130123,0.2033844,8.6237335,4.4602203
130180,0.088531494,8.504089,4.680359
130238,-0.08135986,8.592621,4.9387817
130301,0.33259583,8.683548,5.190033
130358,0.14117432,8.626129,5.103897
130414,0.20578003,8.626129,4.8095703
130470,0.057434082,8.401199,4.3501587
130545,0.16270447,8.630905,4.8694
130646,0.3756714,8.6237335,4.99382
130700,0.275177,8.5950165,4.627716
130759,0.34934998,8.580658,4.960327
130823,0.16989136,8.618942,4.8095703
130874,0.114852905,8.602203,5.1015015
130932,0.071777344,8.511276,4.9411774
130990,0.07896423,8.580658,4.5583344
131051,0.4283142,8.611771,5.001007
131110,0.16989136,8.554337,4.886139
131165,0.18185425,8.5950165,5.001007
131225,0.30867004,8.580658,4.78804
131280,0.35653687,8.585449,5.25943
131337,0.16270447,8.602203,4.759323
131395,0.1986084,8.508881,5.1469574
131454,0.0382843,8.513657,4.8717804
131516,0.28474426,8.504089,4.9746857
131569,0.29910278,8.551941,4.893326
131628,0.47138977,8.604584,4.893326
131685,0.4857483,8.628525,5.0560303
131743,0.4665985,8.633301,4.9818573
131801,0.21296692,8.482559,5.0488586
131860,0.35891724,8.563919,5.1828613
131918,0.112457275,8.551941,4.771286
131977,0.12921143,8.425125,4.9459686
132033,0.31585693,8.537598,4.759323
132091,0.4355011,8.539978,4.8358917
132150,0.5001068,8.563919,5.0368958
132206,0.33259583,8.523239,5.1876373
132264,0.08135986,8.523239,5.01297
132322,0.40678406,8.5208435,4.989029
132386,0.45463562,8.544769,4.8598175
132437,0.66760254,8.511276,5.0847473
132498,0.5407715,8.499313,5.0368958
132555,0.22253418,8.408386,4.874176
132613,0.46420288,8.489731,5.3120728
132668,0.4665985,8.587845,5.235489
132728,0.5383911,8.475372,5.1134644
132785,0.5144501,8.477768,4.639679
132845,0.45942688,8.446671,5.469986
132902,0.48335266,8.494522,5.027313
132959,0.55513,8.456238,5.029709
133020,0.48335266,8.511276,4.886139
133075,0.5096741,8.482559,5.417343
133132,0.3637085,8.494522,5.07518
133190,0.46420288,8.362915,5.2450714
133251,0.51924133,8.516052,4.955536
133307,0.36849976,8.461029,5.070389
133364,0.5024872,8.525635,5.07518
133421,0.39482117,8.475372,5.07518
133482,0.32063293,8.463409,4.9507446
133538,0.2632141,8.468201,5.017746
133596,0.43070984,8.396408,5.027313
133654,0.275177,8.489731,4.9698944
133711,0.46420288,8.441879,5.027313
133769,0.49291992,8.489731,5.108673
133829,0.34934998,8.403595,5.017746
133885,0.3517456,8.492126,4.924423
133943,0.22013855,8.432312,5.063217
134004,0.34457397,8.432312,5.17807
134061,0.4857483,8.425125,5.132599
134118,0.28234863,8.458633,5.235489
134185,0.5264282,8.539978,5.2211456
134239,0.41156006,8.446671,5.252243
134290,0.29910278,8.331802,4.6540375
134352,0.06700134,8.312668,4.9483643
134407,0.32063293,8.501694,5.355133
134465,0.62931824,8.549561,5.3240356
134521,0.65802,8.468201,5.0847473
134582,0.39959717,8.401199,5.067993
134641,0.22970581,8.377274,5.0368958
134695,0.41156006,8.408386,5.338394
134756,0.5694885,8.429916,5.2881317
134816,0.5120697,8.449051,5.099106
134868,0.43310547,8.307877,5.2737885
134928,0.3254242,8.398804,5.144562
134986,0.43788147,8.429916,5.379059
135047,0.5024872,8.444275,5.2618103
135104,0.32063293,8.355743,5.1302185
135158,0.5383911,8.322235,4.996216
135220,0.2679901,8.386841,5.0608215
135276,0.0023956299,8.334198,3.3834534
135332,0.65802,7.142578,7.515854
135389,1.105484,7.5014954,7.3363953
135448,1.6031952,7.1066895,6.381653
135505,0.35414124,6.45105,7.453644
135565,-0.6460571,6.855438,10.640884
135624,-1.1652985,6.1591187,7.147354
135687,-0.14356995,6.999008,6.9104767
135738,0.1268158,7.3292084,6.099304
135796,0.7776642,7.7001038,5.8097687
135853,0.25842285,7.556534,6.111267
135915,0.624527,7.9609222,6.094513
135968,0.24645996,7.4727783,6.3098755
136027,0.29670715,7.7407837,5.848053
136084,0.4283142,7.590027,6.7836456
136143,-0.20578003,7.5062866,5.71167
136200,0.5096741,7.9250336,5.498703
136261,-0.023925781,7.8053894,6.1591187
136317,0.9571228,8.025528,5.44606
136375,0.5264282,8.020737,6.0466614
136431,0.825531,7.9585266,6.173477
136489,-0.19381714,7.623535,7.0995026
136546,0.6149597,8.207382,5.2881317
